multiverse_id,mtgo_id,set,collector_number,lang,rarity,name,mana_cost,cmc,type_line,artist,usd_price,usd_foil_price,eur_price,tix_price,image_uri,scryfall_uri,scryfall_id
,112382,LTR,236,en,M,"Andúril, Flame of the West",{3},3.0,Legendary Artifact — Equipment,Irvin Rodriguez,5.28,6.01,5.6,,https://cards.scryfall.io/large/front/7/e/7e7b9eea-a224-4db1-a089-cb385f7af20c.jpg?1686970125,https://scryfall.com/card/ltr/236/and%C3%BAril-flame-of-the-west,7e7b9eea-a224-4db1-a089-cb385f7af20c
,111510,LTR,287,en,M,"Aragorn and Arwen, Wed",{4}{G}{W},6.0,Legendary Creature — Human Elf Noble,Magali Villeneuve,7.09,9.56,,,https://cards.scryfall.io/large/front/d/7/d7d4c97a-9319-4534-9a49-da000f41a02d.jpg?1686970724,https://scryfall.com/card/ltr/287/aragorn-and-arwen-wed,d7d4c97a-9319-4534-9a49-da000f41a02d
,112292,LTR,191,en,R,"Aragorn, Company Leader",{1}{G}{W},3.0,Legendary Creature — Human Ranger,Anna Steinbauer,0.33,1.39,0.29,,https://cards.scryfall.io/large/front/7/3/73ca5f48-0117-49d6-8b00-b8482e3545b3.jpg?1686969633,https://scryfall.com/card/ltr/191/aragorn-company-leader,73ca5f48-0117-49d6-8b00-b8482e3545b3
,112294,LTR,192,en,M,"Aragorn, the Uniter",{R}{G}{W}{U},4.0,Legendary Creature — Human Noble,Javier Charro,7.77,7.78,13.38,,https://cards.scryfall.io/large/front/e/9/e98d5321-ec09-456c-a9ea-c8ca2cfc6205.jpg?1686969644,https://scryfall.com/card/ltr/192/aragorn-the-uniter,e98d5321-ec09-456c-a9ea-c8ca2cfc6205
,112296,LTR,193,en,M,"Arwen, Mortal Queen",{1}{G}{W},3.0,Legendary Creature — Elf Noble,Miranda Meeks,2.63,2.68,4.97,,https://cards.scryfall.io/large/front/5/4/547f92d4-cd1d-4ca7-a6e2-6473b4d3c832.jpg?1686969656,https://scryfall.com/card/ltr/193/arwen-mortal-queen,547f92d4-cd1d-4ca7-a6e2-6473b4d3c832
,111988,LTR,39,en,C,Arwen's Gift,{3}{U},4.0,Sorcery,Wangjie Li,0.12,0.23,0.06,,https://cards.scryfall.io/large/front/3/0/30e1ec49-ad4f-4623-aeeb-dba07d6e6251.jpg?1686967996,https://scryfall.com/card/ltr/39/arwens-gift,30e1ec49-ad4f-4623-aeeb-dba07d6e6251
,112298,LTR,194,en,U,Arwen Undómiel,{G}{U},2.0,Legendary Creature — Elf Noble,Yongjae Choi,0.15,0.15,0.11,,https://cards.scryfall.io/large/front/c/5/c544e301-13b4-4dec-b65c-d54809bb7736.jpg?1686969667,https://scryfall.com/card/ltr/194/arwen-und%C3%B3miel,c544e301-13b4-4dec-b65c-d54809bb7736
,111714,LTR,285,en,R,Assault on Osgiliath,{X}{R}{R}{R},3.0,Sorcery,Warren Mahy,0.24,,,,https://cards.scryfall.io/large/front/2/5/2549b70a-6bd0-4c9b-96b7-4ab775a30cd3.jpg?1686970713,https://scryfall.com/card/ltr/285/assault-on-osgiliath,2549b70a-6bd0-4c9b-96b7-4ab775a30cd3
,112216,LTR,153,en,C,Bag End Porter,{3}{G},4.0,Creature — Dwarf,Daniel Correia,0.13,0.21,0.04,,https://cards.scryfall.io/large/front/b/7/b7557170-39a2-49df-823e-958c3eb34801.jpg?1686969228,https://scryfall.com/card/ltr/153/bag-end-porter,b7557170-39a2-49df-823e-958c3eb34801
,111912,LTR,1,en,C,Banish from Edoras,{4}{W},5.0,Sorcery,Veli Nyström,0.17,0.61,0.04,,https://cards.scryfall.io/large/front/a/4/a4410076-e1fe-45f3-a0ca-a91ab0133ff4.jpg?1686967642,https://scryfall.com/card/ltr/1/banish-from-edoras,a4410076-e1fe-45f3-a0ca-a91ab0133ff4
,112416,LTR,253,en,R,Barad-dûr,,0.0,Legendary Land,Sean Vo,0.52,0.63,1.94,,https://cards.scryfall.io/large/front/e/b/eb5038af-06b0-401e-8dea-a1a8483788ae.jpg?1686970323,https://scryfall.com/card/ltr/253/barad-d%C3%BBr,eb5038af-06b0-401e-8dea-a1a8483788ae
,112384,LTR,237,en,U,Barrow-Blade,{1},1.0,Artifact — Equipment,Alexander Mokhov,0.19,0.23,0.08,,https://cards.scryfall.io/large/front/f/0/f0eb7284-78a5-4b5e-8f6d-6be540e0bef8.jpg?1686970135,https://scryfall.com/card/ltr/237/barrow-blade,f0eb7284-78a5-4b5e-8f6d-6be540e0bef8
,112140,LTR,115,en,C,Battle-Scarred Goblin,{1}{R},2.0,Creature — Goblin Warrior,Hristo D. Chukov,0.16,0.51,0.12,,https://cards.scryfall.io/large/front/b/9/b91859de-1983-4c9c-a9e6-289c7dba1eb4.jpg?1686968799,https://scryfall.com/card/ltr/115/battle-scarred-goblin,b91859de-1983-4c9c-a9e6-289c7dba1eb4
,111992,LTR,41,en,C,Bewitching Leechcraft,{1}{U},2.0,Enchantment — Aura,Wei Guan,0.12,0.26,0.03,,https://cards.scryfall.io/large/front/b/6/b612452e-b8a8-4a5a-82a8-01fd463cfc77.jpg?1686968013,https://scryfall.com/card/ltr/41/bewitching-leechcraft,b612452e-b8a8-4a5a-82a8-01fd463cfc77
,112302,LTR,196,en,U,"Bilbo, Retired Burglar",{1}{U}{R},3.0,Legendary Creature — Halfling Rogue,Anna Pavleeva,0.14,0.23,0.1,,https://cards.scryfall.io/large/front/5/2/527df93e-cc2b-4216-909a-4ada1abcbfd3.jpg?1686969690,https://scryfall.com/card/ltr/196/bilbo-retired-burglar,527df93e-cc2b-4216-909a-4ada1abcbfd3
,111508,LTR,298,en,R,Bilbo's Ring,{3},3.0,Legendary Artifact — Equipment,Randy Gallegos,5.78,,,,https://cards.scryfall.io/large/front/9/1/91dbeac4-1c39-4a4f-84e7-1b71f7468c8f.jpg?1686970866,https://scryfall.com/card/ltr/298/bilbos-ring,91dbeac4-1c39-4a4f-84e7-1b71f7468c8f
,111994,LTR,42,en,U,"Bill Ferny, Bree Swindler",{1}{U},2.0,Legendary Creature — Human Rogue,Hristo D. Chukov,0.14,0.19,0.06,,https://cards.scryfall.io/large/front/2/0/20ac63cb-fa4d-4340-8062-1029c8bd5ec8.jpg?1686968020,https://scryfall.com/card/ltr/42/bill-ferny-bree-swindler,20ac63cb-fa4d-4340-8062-1029c8bd5ec8
,111916,LTR,3,en,U,Bill the Pony,{3}{W},4.0,Legendary Creature — Horse,Christina Kraus,0.2,0.4,0.1,,https://cards.scryfall.io/large/front/9/a/9ac68519-ed7f-4f38-9549-c02975f88eed.jpg?1686967660,https://scryfall.com/card/ltr/3/bill-the-pony,9ac68519-ed7f-4f38-9549-c02975f88eed
,111996,LTR,43,en,C,Birthday Escape,{U},1.0,Sorcery,David Álvarez,0.17,0.24,0.14,,https://cards.scryfall.io/large/front/4/2/42db2313-b13d-4292-bef2-bf86f989d32f.jpg?1686968028,https://scryfall.com/card/ltr/43/birthday-escape,42db2313-b13d-4292-bef2-bf86f989d32f
,112064,LTR,77,en,U,Bitter Downfall,{3}{B},4.0,Instant,John Di Giovanni,0.12,0.22,0.1,,https://cards.scryfall.io/large/front/e/4/e4b83aa1-33ce-4b8d-ae5a-72f64eef5f09.jpg?1686968375,https://scryfall.com/card/ltr/77/bitter-downfall,e4b83aa1-33ce-4b8d-ae5a-72f64eef5f09
,112218,LTR,154,en,C,Bombadil's Song,{1}{G},2.0,Instant,Marie Magny,0.13,0.16,0.06,,https://cards.scryfall.io/large/front/6/3/6391699e-987a-499f-9fec-96f2362760b9.jpg?1686969238,https://scryfall.com/card/ltr/154/bombadils-song,6391699e-987a-499f-9fec-96f2362760b9
,112142,LTR,116,en,U,Book of Mazarbul,{2}{R},3.0,Enchantment — Saga,Randy Gallegos,0.13,0.17,0.12,,https://cards.scryfall.io/large/front/0/4/04dcef75-6f98-4233-ae32-6fe41724c8e0.jpg?1686968810,https://scryfall.com/card/ltr/116/book-of-mazarbul,04dcef75-6f98-4233-ae32-6fe41724c8e0
,111998,LTR,44,en,R,Borne Upon a Wind,{1}{U},2.0,Instant,Alexander Mokhov,0.52,0.73,0.78,,https://cards.scryfall.io/large/front/a/9/a9379675-1a32-4e2b-8aaf-5f908c595f31.jpg?1686968037,https://scryfall.com/card/ltr/44/borne-upon-a-wind,a9379675-1a32-4e2b-8aaf-5f908c595f31
,111918,LTR,4,en,R,"Boromir, Warden of the Tower",{2}{W},3.0,Legendary Creature — Human Soldier,Yigit Koroglu,2.64,2.6,3.47,,https://cards.scryfall.io/large/front/f/6/f6bc3720-2892-4dda-8f30-079a1ac8e1e2.jpg?1686967669,https://scryfall.com/card/ltr/4/boromir-warden-of-the-tower,f6bc3720-2892-4dda-8f30-079a1ac8e1e2
,112220,LTR,155,en,C,Brandywine Farmer,{2}{G},3.0,Creature — Halfling Peasant,Yuriy Chemezov,0.26,0.14,0.06,,https://cards.scryfall.io/large/front/1/c/1c24b5fa-506d-4eaf-881b-bc282c74a16c.jpg?1686969248,https://scryfall.com/card/ltr/155/brandywine-farmer,1c24b5fa-506d-4eaf-881b-bc282c74a16c
,112144,LTR,117,en,C,Breaking of the Fellowship,{1}{R},2.0,Sorcery,Randy Gallegos,0.14,0.33,0.06,,https://cards.scryfall.io/large/front/1/3/130f60d0-4fac-4e4e-a938-58f3b96e5335.jpg?1686968821,https://scryfall.com/card/ltr/117/breaking-of-the-fellowship,130f60d0-4fac-4e4e-a938-58f3b96e5335
,112304,LTR,197,en,U,"Butterbur, Bree Innkeeper",{2}{G}{W},4.0,Legendary Creature — Human Peasant,Ryan Yee,0.11,0.23,0.1,,https://cards.scryfall.io/large/front/f/3/f3fd9ff1-278b-4e6a-b30b-90250d8b5762.jpg?1686969700,https://scryfall.com/card/ltr/197/butterbur-bree-innkeeper,f3fd9ff1-278b-4e6a-b30b-90250d8b5762
,112068,LTR,79,en,R,Call of the Ring,{1}{B},2.0,Enchantment,Anato Finnstark,2.17,2.06,2.29,,https://cards.scryfall.io/large/front/a/9/a92a2c5a-e450-494a-b23b-7ac0a6c50535.jpg?1686968397,https://scryfall.com/card/ltr/79/call-of-the-ring,a92a2c5a-e450-494a-b23b-7ac0a6c50535
,112000,LTR,45,en,C,Captain of Umbar,{2}{U},3.0,Creature — Human Pirate,Wei Guan,0.18,0.42,0.05,,https://cards.scryfall.io/large/front/c/2/c222577d-a3c7-41d9-b11b-62065bdb98ef.jpg?1686968046,https://scryfall.com/card/ltr/45/captain-of-umbar,c222577d-a3c7-41d9-b11b-62065bdb98ef
,112146,LTR,118,en,C,Cast into the Fire,{1}{R},2.0,Instant,Aurore Folny,0.18,0.22,0.27,,https://cards.scryfall.io/large/front/2/e/2ef878cb-27b6-47d8-ad11-bd20529b0e7e.jpg?1686968832,https://scryfall.com/card/ltr/118/cast-into-the-fire,2ef878cb-27b6-47d8-ad11-bd20529b0e7e
,112222,LTR,156,en,U,Celeborn the Wise,{3}{G},4.0,Legendary Creature — Elf Noble,Wangjie Li,0.14,0.32,0.1,,https://cards.scryfall.io/large/front/2/d/2daf449a-5f3e-44fd-968e-55d8517ae797.jpg?1686969259,https://scryfall.com/card/ltr/156/celeborn-the-wise,2daf449a-5f3e-44fd-968e-55d8517ae797
,112224,LTR,157,en,C,Chance-Met Elves,{2}{G},3.0,Creature — Elf Warrior,Irvin Rodriguez,0.21,0.18,0.1,,https://cards.scryfall.io/large/front/0/a/0aa57431-39e2-4152-8a30-1c1e8faef153.jpg?1686969269,https://scryfall.com/card/ltr/157/chance-met-elves,0aa57431-39e2-4152-8a30-1c1e8faef153
,112070,LTR,80,en,C,Cirith Ungol Patrol,{4}{B},5.0,Creature — Orc Soldier,Bruno Biazotto,0.14,0.36,0.05,,https://cards.scryfall.io/large/front/7/c/7cd03837-37cc-4f6c-8e22-e3b0ff635462.jpg?1686968408,https://scryfall.com/card/ltr/80/cirith-ungol-patrol,7cd03837-37cc-4f6c-8e22-e3b0ff635462
,112072,LTR,81,en,C,Claim the Precious,{1}{B}{B},3.0,Sorcery,Artur Treffner,0.13,0.23,0.08,,https://cards.scryfall.io/large/front/1/2/121c12c4-83ea-463e-8fdf-30718968a2bd.jpg?1686968419,https://scryfall.com/card/ltr/81/claim-the-precious,121c12c4-83ea-463e-8fdf-30718968a2bd
,112002,LTR,46,en,U,Council's Deliberation,{1}{U},2.0,Instant,Viko Menezes,0.16,0.19,0.14,,https://cards.scryfall.io/large/front/6/5/651503a2-5d1e-408a-9cdc-0cee05ab3ef0.jpg?1686968054,https://scryfall.com/card/ltr/46/councils-deliberation,651503a2-5d1e-408a-9cdc-0cee05ab3ef0
,111920,LTR,5,en,M,Dawn of a New Age,{1}{W},2.0,Enchantment,Anato Finnstark,7.86,11.99,11.39,,https://cards.scryfall.io/large/front/c/b/cb966ee6-bf1b-4bb6-9277-8de6f3918ae2.jpg?1686967678,https://scryfall.com/card/ltr/5/dawn-of-a-new-age,cb966ee6-bf1b-4bb6-9277-8de6f3918ae2
,112004,LTR,47,en,C,Deceive the Messenger,{U},1.0,Instant,Tomas Duchek,0.14,0.55,0.06,,https://cards.scryfall.io/large/front/b/2/b2984bc6-7c12-46e4-8dd3-b23e29a7a7ec.jpg?1686968062,https://scryfall.com/card/ltr/47/deceive-the-messenger,b2984bc6-7c12-46e4-8dd3-b23e29a7a7ec
,112226,LTR,158,en,R,Delighted Halfling,{G},1.0,Creature — Halfling Citizen,Inka Schulz,11.03,11.25,15.49,,https://cards.scryfall.io/large/front/7/1/71384418-173a-4f77-adab-56e52fa23692.jpg?1686969281,https://scryfall.com/card/ltr/158/delighted-halfling,71384418-173a-4f77-adab-56e52fa23692
,112306,LTR,198,en,U,"Denethor, Ruling Steward",{1}{W}{B},3.0,Legendary Creature — Human Noble,Campbell White,0.16,0.24,0.12,,https://cards.scryfall.io/large/front/f/a/fa8654cf-431c-427b-b78f-0e48f6007e9e.jpg?1686969711,https://scryfall.com/card/ltr/198/denethor-ruling-steward,fa8654cf-431c-427b-b78f-0e48f6007e9e
,112148,LTR,119,en,R,Display of Power,{1}{R}{R},3.0,Instant,Shahab Alizadeh,0.76,1.03,1.71,,https://cards.scryfall.io/large/front/2/9/295b8595-5b4e-4fc8-8249-486d36e15f67.jpg?1686968845,https://scryfall.com/card/ltr/119/display-of-power,295b8595-5b4e-4fc8-8249-486d36e15f67
,112308,LTR,199,en,R,Doors of Durin,{3}{R}{G},5.0,Legendary Artifact,Marc Simonetti,0.39,0.58,1.35,,https://cards.scryfall.io/large/front/8/e/8ebd8813-4aaf-48bf-9243-3ec4099b8372.jpg?1686969721,https://scryfall.com/card/ltr/199/doors-of-durin,8ebd8813-4aaf-48bf-9243-3ec4099b8372
,112006,LTR,48,en,C,Dreadful as the Storm,{2}{U},3.0,Instant,Daniel Correia,0.21,0.69,0.05,,https://cards.scryfall.io/large/front/b/6/b6e0b4ff-85b5-485f-a78f-1a58bb343238.jpg?1686968073,https://scryfall.com/card/ltr/48/dreadful-as-the-storm,b6e0b4ff-85b5-485f-a78f-1a58bb343238
,111922,LTR,6,en,C,Dúnedain Blade,{1}{W},2.0,Artifact — Equipment,Jarel Threat,0.13,0.25,0.04,,https://cards.scryfall.io/large/front/3/d/3d5f92bf-e4e7-487a-834c-964fdd6ad674.jpg?1686967688,https://scryfall.com/card/ltr/6/d%C3%BAnedain-blade,3d5f92bf-e4e7-487a-834c-964fdd6ad674
,112228,LTR,159,en,U,Dúnedain Rangers,{3}{G},4.0,Creature — Human Ranger,Eric Wilkerson,0.15,0.25,0.09,,https://cards.scryfall.io/large/front/6/3/630e1e36-2f5d-44d4-9ff2-19ae75295016.jpg?1686969291,https://scryfall.com/card/ltr/159/d%C3%BAnedain-rangers,630e1e36-2f5d-44d4-9ff2-19ae75295016
,112074,LTR,82,en,C,Dunland Crebain,{2}{B},3.0,Creature — Bird Horror,Alexander Ostrowski,0.12,0.27,0.05,,https://cards.scryfall.io/large/front/6/9/695c05ab-e46e-46c7-bd2e-ef0b2307e449.jpg?1686968429,https://scryfall.com/card/ltr/82/dunland-crebain,695c05ab-e46e-46c7-bd2e-ef0b2307e449
,111924,LTR,7,en,C,Eagles of the North,{5}{W},6.0,Creature — Bird Soldier,Axel Sauerwald,0.14,0.37,0.07,,https://cards.scryfall.io/large/front/c/1/c1bd3bc0-77bd-40fe-b4f1-835a04cb6e41.jpg?1687210951,https://scryfall.com/card/ltr/7/eagles-of-the-north,c1bd3bc0-77bd-40fe-b4f1-835a04cb6e41
,112076,LTR,83,en,C,Easterling Vanguard,{1}{B},2.0,Creature — Human Warrior,Javier Charro,0.12,0.23,0.05,,https://cards.scryfall.io/large/front/e/8/e860dd40-07c5-47c3-92a8-1ee95a953c2f.jpg?1686968439,https://scryfall.com/card/ltr/83/easterling-vanguard,e860dd40-07c5-47c3-92a8-1ee95a953c2f
,111926,LTR,8,en,C,Eastfarthing Farmer,{2}{W},3.0,Creature — Halfling Peasant,Iga Oliwiak,0.13,0.26,0.08,,https://cards.scryfall.io/large/front/2/6/26bb65ba-d605-4b79-a700-4a08ec5a90b4.jpg?1686967706,https://scryfall.com/card/ltr/8/eastfarthing-farmer,26bb65ba-d605-4b79-a700-4a08ec5a90b4
,111928,LTR,9,en,C,East-Mark Cavalier,{1}{W},2.0,Creature — Human Knight,Viko Menezes,0.13,0.18,0.04,,https://cards.scryfall.io/large/front/9/b/9be412c0-45d4-4856-a8cf-63a5a822dc5c.jpg?1686967715,https://scryfall.com/card/ltr/9/east-mark-cavalier,9be412c0-45d4-4856-a8cf-63a5a822dc5c
,111716,LTR,286,en,R,Elanor Gardner,{3}{G},4.0,Legendary Creature — Halfling Scout,Torgeir Fjereide,0.71,,,,https://cards.scryfall.io/large/front/6/1/6165eb73-49a8-4337-aa5d-7d9d48b916c9.jpg?1686085240,https://scryfall.com/card/ltr/286/elanor-gardner,6165eb73-49a8-4337-aa5d-7d9d48b916c9
,112008,LTR,49,en,U,"Elrond, Lord of Rivendell",{2}{U},3.0,Legendary Creature — Elf Noble,Ryan Yee,0.13,0.18,0.09,,https://cards.scryfall.io/large/front/a/6/a62a5e55-fa1b-4c70-9293-740dd513d52e.jpg?1686968084,https://scryfall.com/card/ltr/49/elrond-lord-of-rivendell,a62a5e55-fa1b-4c70-9293-740dd513d52e
,112310,LTR,200,en,R,"Elrond, Master of Healing",{2}{G}{U},4.0,Legendary Creature — Elf Noble,Wangjie Li,0.23,1.14,0.3,,https://cards.scryfall.io/large/front/d/2/d26ffb2c-f7a5-4a4f-9b99-c8de9dfd49da.jpg?1686969733,https://scryfall.com/card/ltr/200/elrond-master-of-healing,d26ffb2c-f7a5-4a4f-9b99-c8de9dfd49da
,112230,LTR,160,en,R,Elven Chorus,{3}{G},4.0,Enchantment,Anato Finnstark,3.12,3.04,3.31,,https://cards.scryfall.io/large/front/6/1/616cfb94-3faf-44fe-bf04-e90643765e48.jpg?1686969302,https://scryfall.com/card/ltr/160/elven-chorus,616cfb94-3faf-44fe-bf04-e90643765e48
,112232,LTR,161,en,C,Elven Farsight,{G},1.0,Sorcery,Irina Nordsol,0.17,0.24,0.21,,https://cards.scryfall.io/large/front/7/3/73d135b2-d2b8-499c-84d9-824370c19ccc.jpg?1686969313,https://scryfall.com/card/ltr/161/elven-farsight,73d135b2-d2b8-499c-84d9-824370c19ccc
,111710,LTR,283,en,R,Elvish Mariner,{2}{U},3.0,Creature — Elf Pilot,Axel Sauerwald,0.3,,,,https://cards.scryfall.io/large/front/7/6/7604d357-4196-421f-a5c3-c7cbe79f35cb.jpg?1686970689,https://scryfall.com/card/ltr/283/elvish-mariner,7604d357-4196-421f-a5c3-c7cbe79f35cb
,112234,LTR,162,en,C,Enraged Huorn,{4}{G},5.0,Creature — Treefolk,David Álvarez,0.19,0.5,0.05,,https://cards.scryfall.io/large/front/a/9/a9b48836-6d37-46eb-8c41-a3eeecc72ae1.jpg?1686969323,https://scryfall.com/card/ltr/162/enraged-huorn,a9b48836-6d37-46eb-8c41-a3eeecc72ae1
,112386,LTR,238,en,U,Ent-Draught Basin,{2},2.0,Artifact,Torgeir Fjereide,0.14,0.22,0.08,,https://cards.scryfall.io/large/front/1/5/1500126f-fbe4-4c39-bb06-1a36e2c4682f.jpg?1686970148,https://scryfall.com/card/ltr/238/ent-draught-basin,1500126f-fbe4-4c39-bb06-1a36e2c4682f
,112236,LTR,163,en,U,Entish Restoration,{2}{G},3.0,Instant,Calder Moore,0.35,0.59,0.35,,https://cards.scryfall.io/large/front/c/d/cd4dbf80-187b-40e3-9e0b-526f78d9a34e.jpg?1686969333,https://scryfall.com/card/ltr/163/entish-restoration,cd4dbf80-187b-40e3-9e0b-526f78d9a34e
,112238,LTR,164,en,C,Ent's Fury,{1}{G},2.0,Sorcery,Hristo D. Chukov,0.15,0.18,0.07,,https://cards.scryfall.io/large/front/c/7/c7946af6-69ab-47a1-955c-1954a04752df.jpg?1686969344,https://scryfall.com/card/ltr/164/ents-fury,c7946af6-69ab-47a1-955c-1954a04752df
,112150,LTR,120,en,R,"Éomer, Marshal of Rohan",{2}{R}{R},4.0,Legendary Creature — Human Knight,Jesper Ejsing,0.23,0.22,0.53,,https://cards.scryfall.io/large/front/0/b/0bd31ce9-9551-4efe-8bd2-b97d8efbf75e.jpg?1686968857,https://scryfall.com/card/ltr/120/%C3%A9omer-marshal-of-rohan,0bd31ce9-9551-4efe-8bd2-b97d8efbf75e
,112152,LTR,121,en,U,Éomer of the Riddermark,{4}{R},5.0,Legendary Creature — Human Knight,John Di Giovanni,0.22,0.15,0.1,,https://cards.scryfall.io/large/front/d/9/d920fcaf-4988-4186-962d-cdda25d79e7b.jpg?1686968869,https://scryfall.com/card/ltr/121/%C3%A9omer-of-the-riddermark,d920fcaf-4988-4186-962d-cdda25d79e7b
,112312,LTR,201,en,R,"Éowyn, Fearless Knight",{2}{R}{W},4.0,Legendary Creature — Human Knight,Magali Villeneuve,0.82,0.93,0.51,,https://cards.scryfall.io/large/front/a/d/adffb389-c9a3-41c4-b078-292a2bcf870d.jpg?1686969744,https://scryfall.com/card/ltr/201/%C3%A9owyn-fearless-knight,adffb389-c9a3-41c4-b078-292a2bcf870d
,111930,LTR,10,en,U,"Éowyn, Lady of Rohan",{2}{W},3.0,Legendary Creature — Human Noble,Sean Vo,0.17,0.21,0.1,,https://cards.scryfall.io/large/front/e/5/e59710c4-24de-419e-a8a0-e8392d450c23.jpg?1686967724,https://scryfall.com/card/ltr/10/%C3%A9owyn-lady-of-rohan,e59710c4-24de-419e-a8a0-e8392d450c23
,112154,LTR,122,en,C,Erebor Flamesmith,{1}{R},2.0,Creature — Dwarf Artificer,L J Koh,0.18,0.42,0.05,,https://cards.scryfall.io/large/front/5/5/552730c5-e3a6-468f-91b2-82c272dda400.jpg?1686968881,https://scryfall.com/card/ltr/122/erebor-flamesmith,552730c5-e3a6-468f-91b2-82c272dda400
,112156,LTR,123,en,U,"Erkenbrand, Lord of Westfold",{3}{R},4.0,Legendary Creature — Human Soldier,Alexander Mokhov,0.14,0.26,0.08,,https://cards.scryfall.io/large/front/3/8/38f81e68-cddd-47f4-b1d1-a297c3298c25.jpg?1686968892,https://scryfall.com/card/ltr/123/erkenbrand-lord-of-westfold,38f81e68-cddd-47f4-b1d1-a297c3298c25
,111932,LTR,11,en,C,Errand-Rider of Gondor,{2}{W},3.0,Creature — Human Soldier,YW Tang,0.2,0.4,0.11,,https://cards.scryfall.io/large/front/d/3/d3f990e7-54a3-4893-8510-645b2065447b.jpg?1686967733,https://scryfall.com/card/ltr/11/errand-rider-of-gondor,d3f990e7-54a3-4893-8510-645b2065447b
,111934,LTR,12,en,C,Escape from Orthanc,{W},1.0,Instant,Anthony Devine,0.18,0.63,0.04,,https://cards.scryfall.io/large/front/f/4/f4ff3330-dcca-4435-87e7-871be91a68b0.jpg?1686967744,https://scryfall.com/card/ltr/12/escape-from-orthanc,f4ff3330-dcca-4435-87e7-871be91a68b0
,111936,LTR,13,en,C,Esquire of the King,{W},1.0,Creature — Human Soldier,Tyukina Tatiana,0.24,0.47,0.05,,https://cards.scryfall.io/large/front/c/a/caa6dded-ab08-43d0-b2fb-008854582cba.jpg?1686967754,https://scryfall.com/card/ltr/13/esquire-of-the-king,caa6dded-ab08-43d0-b2fb-008854582cba
,112158,LTR,124,en,R,Fall of Cair Andros,{2}{R},3.0,Enchantment,Shahab Alizadeh,0.22,0.19,0.27,,https://cards.scryfall.io/large/front/3/5/354b4623-50a0-41f1-ad1e-7dd6ac3852df.jpg?1686968903,https://scryfall.com/card/ltr/124/fall-of-cair-andros,354b4623-50a0-41f1-ad1e-7dd6ac3852df
,112240,LTR,165,en,R,Fall of Gil-galad,{1}{G},2.0,Enchantment — Saga,Craig Elliott,0.25,0.26,0.44,,https://cards.scryfall.io/large/front/f/b/fbaab2c0-ea18-4b2f-b75b-506cbbea97e1.jpg?1686969355,https://scryfall.com/card/ltr/165/fall-of-gil-galad,fbaab2c0-ea18-4b2f-b75b-506cbbea97e1
,112242,LTR,166,en,R,"Fangorn, Tree Shepherd",{4}{G}{G}{G},7.0,Legendary Creature — Treefolk,Jesper Ejsing,0.24,0.21,0.19,,https://cards.scryfall.io/large/front/0/f/0fb0f946-2127-4aa3-88ac-9bd2e94d8983.jpg?1686969365,https://scryfall.com/card/ltr/166/fangorn-tree-shepherd,0fb0f946-2127-4aa3-88ac-9bd2e94d8983
,111938,LTR,14,en,U,"Faramir, Field Commander",{3}{W},4.0,Legendary Creature — Human Soldier,Sidharth Chaturvedi,0.24,0.22,0.1,,https://cards.scryfall.io/large/front/1/7/17c2250a-9af1-40de-9f09-7e8c7daec520.jpg?1686967763,https://scryfall.com/card/ltr/14/faramir-field-commander,17c2250a-9af1-40de-9f09-7e8c7daec520
,112314,LTR,202,en,R,"Faramir, Prince of Ithilien",{2}{W}{U},4.0,Legendary Creature — Human Noble,Tomas Duchek,0.22,0.23,0.66,,https://cards.scryfall.io/large/front/8/7/8700923a-e9ff-4ced-87fe-1ab26554623a.jpg?1686969755,https://scryfall.com/card/ltr/202/faramir-prince-of-ithilien,8700923a-e9ff-4ced-87fe-1ab26554623a
,112160,LTR,125,en,U,"Fear, Fire, Foes!",{X}{R},1.0,Sorcery,Hristo D. Chukov,0.17,0.19,,,https://cards.scryfall.io/large/front/3/7/37be98a4-0cba-46b4-be93-a9805fe77160.jpg?1686968914,https://scryfall.com/card/ltr/125/fear-fire-foes!,37be98a4-0cba-46b4-be93-a9805fe77160
,112162,LTR,126,en,U,Fiery Inscription,{2}{R},3.0,Enchantment,John Di Giovanni,0.25,0.26,0.17,,https://cards.scryfall.io/large/front/8/c/8c321159-43e5-40fc-9f0c-4ecc4f6cfd20.jpg?1686968925,https://scryfall.com/card/ltr/126/fiery-inscription,8c321159-43e5-40fc-9f0c-4ecc4f6cfd20
,112164,LTR,127,en,C,Fire of Orthanc,{3}{R},4.0,Sorcery,Jeremy Paillotin,0.13,0.25,0.24,,https://cards.scryfall.io/large/front/9/b/9b5871c5-bb94-4803-93ba-cd1a630b00d6.jpg?1686968936,https://scryfall.com/card/ltr/127/fire-of-orthanc,9b5871c5-bb94-4803-93ba-cd1a630b00d6
,111500,LTR,294,en,R,Fires of Mount Doom,{2}{R},3.0,Legendary Enchantment,Shahab Alizadeh,2.95,,,,https://cards.scryfall.io/large/front/b/9/b9db8702-fc72-453b-afc8-62266f7cd1c2.jpg?1686970809,https://scryfall.com/card/ltr/294/fires-of-mount-doom,b9db8702-fc72-453b-afc8-62266f7cd1c2
,112316,LTR,203,en,R,Flame of Anor,{1}{U}{R},3.0,Instant,Yigit Koroglu,1.65,1.19,2.62,,https://cards.scryfall.io/large/front/0/4/04779a7e-b453-48b9-b392-6d6fd0b8d283.jpg?1686969766,https://scryfall.com/card/ltr/203/flame-of-anor,04779a7e-b453-48b9-b392-6d6fd0b8d283
,111940,LTR,15,en,R,Flowering of the White Tree,{W}{W},2.0,Legendary Enchantment,Erikas Perl,5.26,5.02,5.35,,https://cards.scryfall.io/large/front/2/2/2203b2cd-48e5-471a-85fe-dc81012e5d61.jpg?1686967772,https://scryfall.com/card/ltr/15/flowering-of-the-white-tree,2203b2cd-48e5-471a-85fe-dc81012e5d61
,111942,LTR,16,en,C,Fog on the Barrow-Downs,{2}{W},3.0,Enchantment — Aura,Marco Gorlei,0.22,0.75,0.07,,https://cards.scryfall.io/large/front/b/b/bb0cda3a-20d7-425a-89fe-b0a3cd7ced03.jpg?1686967795,https://scryfall.com/card/ltr/16/fog-on-the-barrow-downs,bb0cda3a-20d7-425a-89fe-b0a3cd7ced03
,112166,LTR,128,en,U,Foray of Orcs,{3}{R},4.0,Sorcery,Yuriy Chemezov,0.12,0.19,0.1,,https://cards.scryfall.io/large/front/5/f/5fea0c66-c776-4dc7-a235-f3822521cacd.jpg?1686968948,https://scryfall.com/card/ltr/128/foray-of-orcs,5fea0c66-c776-4dc7-a235-f3822521cacd
,112450,LTR,270,en,C,Forest,,0.0,Basic Land — Forest,Jonas De Ro,0.28,0.44,,,https://cards.scryfall.io/large/front/c/b/cbe793e4-c034-4a22-929d-d743c0255bf1.jpg?1686970531,https://scryfall.com/card/ltr/270/forest,cbe793e4-c034-4a22-929d-d743c0255bf1
,111944,LTR,17,en,R,Forge Anew,{2}{W},3.0,Enchantment,Craig J Spearing,3.46,3.19,3.38,,https://cards.scryfall.io/large/front/5/6/56274b88-6e3f-4538-bb0c-eb5e52a58ef3.jpg?1686967804,https://scryfall.com/card/ltr/17/forge-anew,56274b88-6e3f-4538-bb0c-eb5e52a58ef3
,112318,LTR,204,en,U,Friendly Rivalry,{R}{G},2.0,Instant,Marc Simonetti,0.14,0.21,0.08,,https://cards.scryfall.io/large/front/2/4/24076763-88ba-4dee-b548-9c27bd34fdb7.jpg?1686969776,https://scryfall.com/card/ltr/204/friendly-rivalry,24076763-88ba-4dee-b548-9c27bd34fdb7
,112320,LTR,205,en,U,Frodo Baggins,{G}{W},2.0,Legendary Creature — Halfling Scout,Ekaterina Burmak,0.14,0.17,0.1,,https://cards.scryfall.io/large/front/d/e/de1c0399-9db8-4901-b72e-0010eb9b92b0.jpg?1686969787,https://scryfall.com/card/ltr/205/frodo-baggins,de1c0399-9db8-4901-b72e-0010eb9b92b0
,111490,LTR,289,en,R,"Frodo, Determined Hero",{1}{W},2.0,Legendary Creature — Halfling Warrior,Magali Villeneuve,8.43,13.97,,,https://cards.scryfall.io/large/front/8/3/83d1b37c-a8c6-4690-8701-3395397711e7.jpg?1686970749,https://scryfall.com/card/ltr/289/frodo-determined-hero,83d1b37c-a8c6-4690-8701-3395397711e7
,111946,LTR,18,en,R,"Frodo, Sauron's Bane",{W},1.0,Legendary Creature — Halfling Citizen,Dmitry Burmak,0.23,0.27,0.29,,https://cards.scryfall.io/large/front/7/d/7d86dc2e-6f0c-4714-9d30-5d099d3b895c.jpg?1686967812,https://scryfall.com/card/ltr/18/frodo-saurons-bane,7d86dc2e-6f0c-4714-9d30-5d099d3b895c
,112244,LTR,167,en,C,Galadhrim Bow,{2}{G},3.0,Artifact — Equipment,Daniel Correia,0.16,0.18,0.07,,https://cards.scryfall.io/large/front/9/d/9df34f21-798f-440d-8b09-ec5b5c0b8c12.jpg?1686969376,https://scryfall.com/card/ltr/167/galadhrim-bow,9df34f21-798f-440d-8b09-ec5b5c0b8c12
,112246,LTR,168,en,C,Galadhrim Guide,{3}{G},4.0,Creature — Elf Scout,Inka Schulz,0.22,0.39,0.05,,https://cards.scryfall.io/large/front/f/4/f4603f59-f899-4caf-a874-bf234d2045fb.jpg?1686969386,https://scryfall.com/card/ltr/168/galadhrim-guide,f4603f59-f899-4caf-a874-bf234d2045fb
,111504,LTR,296,en,R,"Galadriel, Gift-Giver",{3}{G}{G},5.0,Legendary Creature — Elf Noble,Alexander Mokhov,2.98,5.44,,,https://cards.scryfall.io/large/front/8/2/8229264e-af6c-4f1f-b86a-257889ace9ce.jpg?1686970835,https://scryfall.com/card/ltr/296/galadriel-gift-giver,8229264e-af6c-4f1f-b86a-257889ace9ce
,112322,LTR,206,en,R,Galadriel of Lothlórien,{1}{G}{U},3.0,Legendary Creature — Elf Noble,Magali Villeneuve,0.26,2.43,0.61,,https://cards.scryfall.io/large/front/a/6/a6e5c3b3-9a70-4a1c-bfb3-db27e51c4b8d.jpg?1686969798,https://scryfall.com/card/ltr/206/galadriel-of-lothl%C3%B3rien,a6e5c3b3-9a70-4a1c-bfb3-db27e51c4b8d
,112010,LTR,50,en,U,"Gandalf, Friend of the Shire",{3}{U},4.0,Legendary Creature — Avatar Wizard,Dmitry Burmak,0.13,0.16,0.12,,https://cards.scryfall.io/large/front/c/c/cc9cfcc7-be64-4871-8d52-851e43fe3305.jpg?1686968094,https://scryfall.com/card/ltr/50/gandalf-friend-of-the-shire,cc9cfcc7-be64-4871-8d52-851e43fe3305
,112326,LTR,208,en,U,Gandalf's Sanction,{1}{U}{R},3.0,Sorcery,Tatiana Veryayskaya,0.18,0.41,0.09,,https://cards.scryfall.io/large/front/8/e/8ebf2a25-9bee-4146-af83-f22aab6db2a8.jpg?1686969819,https://scryfall.com/card/ltr/208/gandalfs-sanction,8ebf2a25-9bee-4146-af83-f22aab6db2a8
,112324,LTR,207,en,R,Gandalf the Grey,{3}{U}{R},5.0,Legendary Creature — Avatar Wizard,Aaron Miller,0.23,0.3,0.26,,https://cards.scryfall.io/large/front/e/2/e2b975e6-e709-481f-bfbc-41a832508283.jpg?1686969808,https://scryfall.com/card/ltr/207/gandalf-the-grey,e2b975e6-e709-481f-bfbc-41a832508283
,111948,LTR,19,en,M,Gandalf the White,{3}{W}{W},5.0,Legendary Creature — Avatar Wizard,Magali Villeneuve,12.33,12.06,11.75,,https://cards.scryfall.io/large/front/e/3/e384c20b-d0c1-4781-9d11-e89e5a6bf3fc.jpg?1686967821,https://scryfall.com/card/ltr/19/gandalf-the-white,e384c20b-d0c1-4781-9d11-e89e5a6bf3fc
,111492,LTR,290,en,R,"Gandalf, White Rider",{3}{W},4.0,Legendary Creature — Avatar Wizard,Ekaterina Burmak,5.88,13.36,,,https://cards.scryfall.io/large/front/b/4/b422ce26-06fb-4748-9c01-32c4be914a77.jpg?1686970761,https://scryfall.com/card/ltr/290/gandalf-white-rider,b422ce26-06fb-4748-9c01-32c4be914a77
,112248,LTR,169,en,C,Generous Ent,{5}{G},6.0,Creature — Treefolk,Simon Dominic,0.12,0.18,0.07,,https://cards.scryfall.io/large/front/8/5/85d22d5d-3875-42ff-b51e-c6e21db201f5.jpg?1687210970,https://scryfall.com/card/ltr/169/generous-ent,85d22d5d-3875-42ff-b51e-c6e21db201f5
,112250,LTR,170,en,U,Gift of Strands,{3}{G},4.0,Enchantment — Aura,Ignis Bruno,0.13,0.17,0.12,,https://cards.scryfall.io/large/front/8/c/8c54ee0c-1432-4f20-9a92-2cdfcbab30ac.jpg?1686969408,https://scryfall.com/card/ltr/170/gift-of-strands,8c54ee0c-1432-4f20-9a92-2cdfcbab30ac
,112168,LTR,129,en,U,"Gimli, Counter of Kills",{3}{R},4.0,Legendary Creature — Dwarf Warrior,Viko Menezes,0.15,0.37,0.09,,https://cards.scryfall.io/large/front/2/8/28b41c48-0715-49d9-98e5-e82b706da816.jpg?1686968959,https://scryfall.com/card/ltr/129/gimli-counter-of-kills,28b41c48-0715-49d9-98e5-e82b706da816
,112328,LTR,209,en,R,"Gimli, Mournful Avenger",{1}{R}{G},3.0,Legendary Creature — Dwarf Warrior,Bartłomiej Gaweł,0.17,0.19,0.15,,https://cards.scryfall.io/large/front/d/f/df4be38c-3f93-4ff4-bff4-94753b96f2f3.jpg?1686969830,https://scryfall.com/card/ltr/209/gimli-mournful-avenger,df4be38c-3f93-4ff4-bff4-94753b96f2f3
,112170,LTR,130,en,C,Gimli's Axe,{2}{R},3.0,Artifact — Equipment,Pablo Mendoza,0.11,0.42,0.07,,https://cards.scryfall.io/large/front/d/8/d8999b6c-e501-48d0-ae51-a35b96f996ec.jpg?1686968971,https://scryfall.com/card/ltr/130/gimlis-axe,d8999b6c-e501-48d0-ae51-a35b96f996ec
,112172,LTR,131,en,C,Gimli's Fury,{1}{R},2.0,Instant,John Di Giovanni,0.11,0.28,0.05,,https://cards.scryfall.io/large/front/e/f/efde011d-8732-49b3-9204-8b114a3d81ba.jpg?1686968981,https://scryfall.com/card/ltr/131/gimlis-fury,efde011d-8732-49b3-9204-8b114a3d81ba
,112388,LTR,239,en,M,Glamdring,{2},2.0,Legendary Artifact — Equipment,Andrea Piparo,5.31,9.3,5.95,,https://cards.scryfall.io/large/front/8/2/8296ebf7-45ed-4b38-acf2-b48d9fb3e706.jpg?1686970159,https://scryfall.com/card/ltr/239/glamdring,8296ebf7-45ed-4b38-acf2-b48d9fb3e706
,112174,LTR,132,en,R,"Glóin, Dwarf Emissary",{2}{R},3.0,Legendary Creature — Dwarf Advisor,Tomas Duchek,0.33,0.39,0.55,,https://cards.scryfall.io/large/front/8/6/868a2aa7-bcaf-409b-8802-d00ee1f2ae77.jpg?1686968993,https://scryfall.com/card/ltr/132/gl%C3%B3in-dwarf-emissary,868a2aa7-bcaf-409b-8802-d00ee1f2ae77
,112252,LTR,171,en,U,"Glorfindel, Dauntless Rescuer",{2}{G},3.0,Legendary Creature — Elf Noble,Viko Menezes,0.16,0.25,0.08,,https://cards.scryfall.io/large/front/b/a/baf7a546-8a8b-4396-ab64-9a5b9abffe79.jpg?1686969418,https://scryfall.com/card/ltr/171/glorfindel-dauntless-rescuer,baf7a546-8a8b-4396-ab64-9a5b9abffe79
,112012,LTR,51,en,C,Glorious Gale,{1}{U},2.0,Instant,Ekaterina Burmak,0.14,0.34,0.11,,https://cards.scryfall.io/large/front/6/e/6e1057de-5710-415c-9a51-1d8bd86021a3.jpg?1686968102,https://scryfall.com/card/ltr/51/glorious-gale,6e1057de-5710-415c-9a51-1d8bd86021a3
,111502,LTR,295,en,C,Goblin Assailant,{1}{R},2.0,Creature — Goblin Warrior,Anton Solovianchyk,0.22,0.55,,,https://cards.scryfall.io/large/front/b/4/b4bda198-7ab4-4c6b-9fb1-93ac54c06a85.jpg?1686970822,https://scryfall.com/card/ltr/295/goblin-assailant,b4bda198-7ab4-4c6b-9fb1-93ac54c06a85
,112176,LTR,133,en,U,Goblin Fireleaper,{1}{R},2.0,Creature — Goblin Warrior,Javier Charro,0.13,0.19,0.08,,https://cards.scryfall.io/large/front/e/c/ec120dae-8c40-4053-9341-1f7774464634.jpg?1686969004,https://scryfall.com/card/ltr/133/goblin-fireleaper,ec120dae-8c40-4053-9341-1f7774464634
,112014,LTR,52,en,R,"Goldberry, River-Daughter",{1}{U},2.0,Legendary Creature — Nymph,Marie Magny,0.25,0.65,0.29,,https://cards.scryfall.io/large/front/b/f/bf4f0a7c-620e-4ed8-8da3-fa6564e8a0cd.jpg?1686968111,https://scryfall.com/card/ltr/52/goldberry-river-daughter,bf4f0a7c-620e-4ed8-8da3-fa6564e8a0cd
,112078,LTR,84,en,U,"Gollum, Patient Plotter",{1}{B},2.0,Legendary Creature — Halfling Horror,Lorenzo Mastroianni,0.13,0.2,0.17,,https://cards.scryfall.io/large/front/4/d/4ddda7d4-0226-404f-8418-f1f5720dcef8.jpg?1686968450,https://scryfall.com/card/ltr/84/gollum-patient-plotter,4ddda7d4-0226-404f-8418-f1f5720dcef8
,112080,LTR,85,en,U,Gollum's Bite,{B},1.0,Instant,Anton Solovianchyk,0.13,0.22,0.09,,https://cards.scryfall.io/large/front/1/b/1b1e790e-ff82-4888-8aee-9986c646241a.jpg?1686968460,https://scryfall.com/card/ltr/85/gollums-bite,1b1e790e-ff82-4888-8aee-9986c646241a
,111496,LTR,292,en,R,"Gollum, Scheming Guide",{1}{B},2.0,Legendary Creature — Halfling Horror,Dmitry Burmak,5.82,10.67,,,https://cards.scryfall.io/large/front/7/f/7f93ad17-b655-4a10-990e-b26ead90d221.jpg?1686970784,https://scryfall.com/card/ltr/292/gollum-scheming-guide,7f93ad17-b655-4a10-990e-b26ead90d221
,112082,LTR,86,en,U,Gorbag of Minas Morgul,{1}{B},2.0,Legendary Creature — Orc Soldier,Alex Brock,0.15,0.24,0.12,,https://cards.scryfall.io/large/front/5/8/58aafdb6-1c8c-4fc4-a52e-3e601be7fb0c.jpg?1686968472,https://scryfall.com/card/ltr/86/gorbag-of-minas-morgul,58aafdb6-1c8c-4fc4-a52e-3e601be7fb0c
,112084,LTR,87,en,U,"Gothmog, Morgul Lieutenant",{3}{B},4.0,Legendary Creature — Human Soldier,Ilker Yildiz,0.15,0.15,0.08,,https://cards.scryfall.io/large/front/a/1/a1c10e93-88eb-46b9-8adc-583661807990.jpg?1686968484,https://scryfall.com/card/ltr/87/gothmog-morgul-lieutenant,a1c10e93-88eb-46b9-8adc-583661807990
,112418,LTR,254,en,C,Great Hall of the Citadel,,0.0,Land,Campbell White,0.2,0.26,0.18,,https://cards.scryfall.io/large/front/2/1/219c7b57-b62b-42d1-85d9-4b57624a3f54.jpg?1686970335,https://scryfall.com/card/ltr/254/great-hall-of-the-citadel,219c7b57-b62b-42d1-85d9-4b57624a3f54
,112016,LTR,53,en,C,Grey Havens Navigator,{2}{U},3.0,Creature — Elf Pilot,Henry Peters,0.23,0.32,0.06,,https://cards.scryfall.io/large/front/4/d/4dd89994-bdff-47ca-a65d-10afcc7e773e.jpg?1686968120,https://scryfall.com/card/ltr/53/grey-havens-navigator,4dd89994-bdff-47ca-a65d-10afcc7e773e
,112086,LTR,88,en,U,Gríma Wormtongue,{2}{B},3.0,Legendary Creature — Human Advisor,Alex Brock,0.14,0.17,0.1,,https://cards.scryfall.io/large/front/8/e/8e3bd86b-e8ca-4885-a823-78fb967e6caf.jpg?1686968495,https://scryfall.com/card/ltr/88/gr%C3%ADma-wormtongue,8e3bd86b-e8ca-4885-a823-78fb967e6caf
,112178,LTR,134,en,U,"Grishnákh, Brash Instigator",{2}{R},3.0,Legendary Creature — Goblin Soldier,Victor Harmatiuk,0.11,0.16,0.09,,https://cards.scryfall.io/large/front/6/3/6385e769-f805-499d-9f47-494533362152.jpg?1686969015,https://scryfall.com/card/ltr/134/grishn%C3%A1kh-brash-instigator,6385e769-f805-499d-9f47-494533362152
,112088,LTR,89,en,U,"Grond, the Gatebreaker",{3}{B},4.0,Legendary Artifact — Vehicle,Ramazan Kazaliev,0.13,0.2,0.07,,https://cards.scryfall.io/large/front/4/b/4bc61b28-afdd-4de9-829b-ffe5ca7c7f19.jpg?1686968507,https://scryfall.com/card/ltr/89/grond-the-gatebreaker,4bc61b28-afdd-4de9-829b-ffe5ca7c7f19
,112330,LTR,210,en,U,Gwaihir the Windlord,{4}{W}{U},6.0,Legendary Creature — Bird Noble,Axel Sauerwald,0.15,0.17,0.1,,https://cards.scryfall.io/large/front/1/a/1a42c951-1146-4f49-a690-7d385962b191.jpg?1686969841,https://scryfall.com/card/ltr/210/gwaihir-the-windlord,1a42c951-1146-4f49-a690-7d385962b191
,112180,LTR,135,en,C,Haradrim Spearmaster,{2}{R},3.0,Creature — Human Warrior,Maxim Kostin,0.16,0.53,0.07,,https://cards.scryfall.io/large/front/6/0/6050cf98-cdce-4825-9ab8-2294a2b63faf.jpg?1686969027,https://scryfall.com/card/ltr/135/haradrim-spearmaster,6050cf98-cdce-4825-9ab8-2294a2b63faf
,112090,LTR,90,en,C,Haunt of the Dead Marshes,{B},1.0,Creature — Nightmare Elf,Miklós Ligeti,0.13,0.36,0.06,,https://cards.scryfall.io/large/front/6/7/673c6c12-2513-4d1b-acf0-6a1f741d49dd.jpg?1686968519,https://scryfall.com/card/ltr/90/haunt-of-the-dead-marshes,673c6c12-2513-4d1b-acf0-6a1f741d49dd
,112182,LTR,136,en,M,Hew the Entwood,{3}{R}{R},5.0,Sorcery,Manuel Castañón,0.68,0.57,1.61,,https://cards.scryfall.io/large/front/8/1/81940498-a5bf-4bcd-b06d-8816887b2a2b.jpg?1686969039,https://scryfall.com/card/ltr/136/hew-the-entwood,81940498-a5bf-4bcd-b06d-8816887b2a2b
,112018,LTR,54,en,C,Hithlain Knots,{1}{U},2.0,Instant,Viko Menezes,0.14,0.35,0.07,,https://cards.scryfall.io/large/front/b/b/bbcc27e7-cbe4-45c2-b157-7251a10e7ba4.jpg?1686968132,https://scryfall.com/card/ltr/54/hithlain-knots,bbcc27e7-cbe4-45c2-b157-7251a10e7ba4
,111950,LTR,20,en,C,Hobbit's Sting,{1}{W},2.0,Instant,Viko Menezes,0.15,0.28,0.1,,https://cards.scryfall.io/large/front/0/1/019eab42-9e0c-4958-ac97-74d3db5580f3.jpg?1686967829,https://scryfall.com/card/ltr/20/hobbits-sting,019eab42-9e0c-4958-ac97-74d3db5580f3
,112390,LTR,240,en,R,Horn of Gondor,{3},3.0,Legendary Artifact,Yigit Koroglu,0.99,1.01,1.73,,https://cards.scryfall.io/large/front/b/1/b14eaeec-d7ce-462a-90d3-2ae5ff605fdb.jpg?1686970170,https://scryfall.com/card/ltr/240/horn-of-gondor,b14eaeec-d7ce-462a-90d3-2ae5ff605fdb
,112392,LTR,241,en,R,Horn of the Mark,{2},2.0,Legendary Artifact,Anastasia Balakchina,1.49,1.41,1.89,,https://cards.scryfall.io/large/front/d/d/dd86b71f-d736-426f-bf15-013bc8da1a08.jpg?1686970181,https://scryfall.com/card/ltr/241/horn-of-the-mark,dd86b71f-d736-426f-bf15-013bc8da1a08
,112020,LTR,55,en,U,Horses of the Bruinen,{3}{U}{U},5.0,Sorcery,Kasia 'Kafis' Zielińska,0.24,0.23,0.07,,https://cards.scryfall.io/large/front/f/7/f7725dc2-2654-4ffb-b6b3-510ae64ec6af.jpg?1686968142,https://scryfall.com/card/ltr/55/horses-of-the-bruinen,f7725dc2-2654-4ffb-b6b3-510ae64ec6af
,112184,LTR,137,en,C,Improvised Club,{1}{R},2.0,Instant,Pablo Mendoza,0.14,0.54,0.15,,https://cards.scryfall.io/large/front/b/8/b8397d13-eeaf-4b4e-b3cd-9a9ac231873a.jpg?1686969050,https://scryfall.com/card/ltr/137/improvised-club,b8397d13-eeaf-4b4e-b3cd-9a9ac231873a
,112394,LTR,242,en,C,Inherited Envelope,{3},3.0,Artifact,Ramazan Kazaliev,0.14,0.12,0.09,,https://cards.scryfall.io/large/front/b/5/b590d028-ea6a-4550-b5e2-ba328a81bbc0.jpg?1686970192,https://scryfall.com/card/ltr/242/inherited-envelope,b590d028-ea6a-4550-b5e2-ba328a81bbc0
,112022,LTR,56,en,U,Ioreth of the Healing House,{2}{U},3.0,Legendary Creature — Human Cleric,Wei Guan,0.18,0.27,0.15,,https://cards.scryfall.io/large/front/0/3/03ab74cd-978a-49eb-9d38-bc8b472b3cef.jpg?1686968152,https://scryfall.com/card/ltr/56/ioreth-of-the-healing-house,03ab74cd-978a-49eb-9d38-bc8b472b3cef
,112092,LTR,91,en,R,Isildur's Fateful Strike,{2}{B}{B},4.0,Legendary Instant,John Di Giovanni,0.24,0.28,0.31,,https://cards.scryfall.io/large/front/4/b/4bf08071-fbf8-463e-9a57-59dbf0280dd8.jpg?1686968531,https://scryfall.com/card/ltr/91/isildurs-fateful-strike,4bf08071-fbf8-463e-9a57-59dbf0280dd8
,112438,LTR,264,en,C,Island,,0.0,Basic Land — Island,Tomáš Honz,0.23,0.34,,,https://cards.scryfall.io/large/front/b/b/bbeca27a-6c5b-40b9-83a4-a3a2096ff6f8.jpg?1686970455,https://scryfall.com/card/ltr/264/island,bbeca27a-6c5b-40b9-83a4-a3a2096ff6f8
,112024,LTR,57,en,C,Isolation at Orthanc,{3}{U},4.0,Instant,Erikas Perl,0.26,0.49,0.05,,https://cards.scryfall.io/large/front/5/4/54b9c323-ac9b-4864-bd57-81b557f44114.jpg?1686968162,https://scryfall.com/card/ltr/57/isolation-at-orthanc,54b9c323-ac9b-4864-bd57-81b557f44114
,112026,LTR,58,en,C,Ithilien Kingfisher,{2}{U},3.0,Creature — Bird,Alexander Ostrowski,0.16,0.35,0.05,,https://cards.scryfall.io/large/front/6/8/68c29762-6859-4564-9e1d-a87fa63b951a.jpg?1686968173,https://scryfall.com/card/ltr/58/ithilien-kingfisher,68c29762-6859-4564-9e1d-a87fa63b951a
,112332,LTR,211,en,R,King of the Oathbreakers,{2}{W}{B},4.0,Legendary Creature — Spirit Noble,Tatiana Veryayskaya,0.26,0.44,0.65,,https://cards.scryfall.io/large/front/c/c/cc857755-62e6-4d29-95f5-82f5d4bde522.jpg?1686969851,https://scryfall.com/card/ltr/211/king-of-the-oathbreakers,cc857755-62e6-4d29-95f5-82f5d4bde522
,111494,LTR,291,en,C,Knight of the Keep,{2}{W},3.0,Creature — Human Knight,Nicholas Gregory,0.19,0.54,,,https://cards.scryfall.io/large/front/3/a/3af21576-3793-4796-ab60-112fbbb5fc0d.jpg?1686970772,https://scryfall.com/card/ltr/291/knight-of-the-keep,3af21576-3793-4796-ab60-112fbbb5fc0d
,112028,LTR,59,en,C,Knights of Dol Amroth,{3}{U},4.0,Creature — Human Knight,Eelis Kyttanen,0.13,0.21,0.05,,https://cards.scryfall.io/large/front/6/6/661338ff-a192-4007-a144-63d00f2e9ecb.jpg?1686968182,https://scryfall.com/card/ltr/59/knights-of-dol-amroth,661338ff-a192-4007-a144-63d00f2e9ecb
,111952,LTR,21,en,U,"Landroval, Horizon Witness",{4}{W},5.0,Legendary Creature — Bird Noble,John Tedrick,0.12,0.19,0.09,,https://cards.scryfall.io/large/front/5/6/5684483b-9a6a-499b-a5e1-e2815ee03cdb.jpg?1686967838,https://scryfall.com/card/ltr/21/landroval-horizon-witness,5684483b-9a6a-499b-a5e1-e2815ee03cdb
,112094,LTR,92,en,C,Lash of the Balrog,{B},1.0,Sorcery,Antonio José Manzanedo,0.14,0.76,0.06,,https://cards.scryfall.io/large/front/8/1/812fee97-e145-4458-b495-bc6ad227335b.jpg?1686968542,https://scryfall.com/card/ltr/92/lash-of-the-balrog,812fee97-e145-4458-b495-bc6ad227335b
,112254,LTR,172,en,M,Last March of the Ents,{6}{G}{G},8.0,Sorcery,John Tedrick,9.65,9.64,10.6,,https://cards.scryfall.io/large/front/7/f/7f1b99e0-ffb7-4f98-8ee5-4357bb79dd2e.jpg?1686969428,https://scryfall.com/card/ltr/172/last-march-of-the-ents,7f1b99e0-ffb7-4f98-8ee5-4357bb79dd2e
,112334,LTR,212,en,U,"Legolas, Counter of Kills",{2}{G}{U},4.0,Legendary Creature — Elf Archer,Yongjae Choi,0.13,0.26,0.1,,https://cards.scryfall.io/large/front/c/8/c8bd408c-9e6d-436d-9c4f-9ef3203aeb64.jpg?1686969862,https://scryfall.com/card/ltr/212/legolas-counter-of-kills,c8bd408c-9e6d-436d-9c4f-9ef3203aeb64
,112256,LTR,173,en,R,"Legolas, Master Archer",{1}{G}{G},3.0,Legendary Creature — Elf Archer,Campbell White,0.43,0.39,0.56,,https://cards.scryfall.io/large/front/a/9/a9405577-c1dc-48e0-b2aa-6237c569d02e.jpg?1686969439,https://scryfall.com/card/ltr/173/legolas-master-archer,a9405577-c1dc-48e0-b2aa-6237c569d02e
,112396,LTR,243,en,C,Lembas,{2},2.0,Artifact — Food,Viko Menezes,0.25,0.21,0.16,,https://cards.scryfall.io/large/front/3/b/3b46aacf-b31a-4380-9e4b-82795fbaba3b.jpg?1686970202,https://scryfall.com/card/ltr/243/lembas,3b46aacf-b31a-4380-9e4b-82795fbaba3b
,112096,LTR,93,en,R,Lobelia Sackville-Baggins,{2}{B},3.0,Legendary Creature — Halfling Citizen,Hristo D. Chukov,0.5,0.55,2.74,,https://cards.scryfall.io/large/front/8/7/87500b92-3d68-42f3-afa9-f8206b2ebcbb.jpg?1686968553,https://scryfall.com/card/ltr/93/lobelia-sackville-baggins,87500b92-3d68-42f3-afa9-f8206b2ebcbb
,112258,LTR,174,en,U,Long List of the Ents,{G},1.0,Enchantment — Saga,Logan Feliciano,0.15,0.17,0.13,,https://cards.scryfall.io/large/front/2/7/27347256-2ac4-4b12-b288-0a8d578a1ff2.jpg?1686969449,https://scryfall.com/card/ltr/174/long-list-of-the-ents,27347256-2ac4-4b12-b288-0a8d578a1ff2
,112030,LTR,60,en,C,Lórien Revealed,{3}{U}{U},5.0,Sorcery,Randy Gallegos,0.16,0.42,0.09,,https://cards.scryfall.io/large/front/0/c/0ce44270-a684-4489-9077-521456e6dfaa.jpg?1687210977,https://scryfall.com/card/ltr/60/l%C3%B3rien-revealed,0ce44270-a684-4489-9077-521456e6dfaa
,112032,LTR,61,en,R,Lost Isle Calling,{1}{U},2.0,Enchantment,Wangjie Li,0.21,1.38,0.39,,https://cards.scryfall.io/large/front/7/b/7b744230-8127-4d4f-9d40-75e7c2aab77c.jpg?1686968202,https://scryfall.com/card/ltr/61/lost-isle-calling,7b744230-8127-4d4f-9d40-75e7c2aab77c
,111954,LTR,22,en,U,Lost to Legend,{W}{W},2.0,Instant,Kasia 'Kafis' Zielińska,0.17,0.29,0.12,,https://cards.scryfall.io/large/front/c/4/c4e40481-aeaa-4b3d-a020-e9b6d7c11992.jpg?1686967846,https://scryfall.com/card/ltr/22/lost-to-legend,c4e40481-aeaa-4b3d-a020-e9b6d7c11992
,112260,LTR,175,en,C,Lothlórien Lookout,{1}{G},2.0,Creature — Elf Scout,Daniel Correia,0.14,0.38,0.05,,https://cards.scryfall.io/large/front/4/e/4e3639c1-ebc3-4a0b-ab93-549e45aff0f7.jpg?1686969459,https://scryfall.com/card/ltr/175/lothl%C3%B3rien-lookout,4e3639c1-ebc3-4a0b-ab93-549e45aff0f7
,112336,LTR,213,en,R,"Lotho, Corrupt Shirriff",{W}{B},2.0,Legendary Creature — Halfling Rogue,Ilker Yildiz,1.96,2.59,1.8,,https://cards.scryfall.io/large/front/c/e/ce01ff8f-a037-484f-9148-c847ffaabc5a.jpg?1686969873,https://scryfall.com/card/ltr/213/lotho-corrupt-shirriff,ce01ff8f-a037-484f-9148-c847ffaabc5a
,112262,LTR,176,en,C,Many Partings,{G},1.0,Sorcery,Dmitry Burmak,0.19,0.16,0.09,,https://cards.scryfall.io/large/front/d/1/d179dbbe-9c79-4dbc-955a-5209a3e2745a.jpg?1686969470,https://scryfall.com/card/ltr/176/many-partings,d179dbbe-9c79-4dbc-955a-5209a3e2745a
,112098,LTR,94,en,U,March from the Black Gate,{1}{B},2.0,Enchantment,Victor Harmatiuk,0.19,0.19,0.13,,https://cards.scryfall.io/large/front/e/5/e57815d4-b21f-4ceb-a3f1-73cff5f0e612.jpg?1686968563,https://scryfall.com/card/ltr/94/march-from-the-black-gate,e57815d4-b21f-4ceb-a3f1-73cff5f0e612
,112338,LTR,214,en,U,"Mauhúr, Uruk-hai Captain",{B}{R},2.0,Legendary Creature — Orc Soldier,Javier Charro,0.17,0.17,0.11,,https://cards.scryfall.io/large/front/6/5/65e9a757-7ed4-4cc0-bb6f-a59fa69b32a5.jpg?1686969884,https://scryfall.com/card/ltr/214/mauh%C3%BAr-uruk-hai-captain,65e9a757-7ed4-4cc0-bb6f-a59fa69b32a5
,112034,LTR,62,en,U,"Meneldor, Swift Savior",{3}{U},4.0,Legendary Creature — Bird Soldier,Axel Sauerwald,0.14,0.25,0.07,,https://cards.scryfall.io/large/front/6/2/62d2ee20-abbc-4a9d-8d30-4223242123e8.jpg?1686968213,https://scryfall.com/card/ltr/62/meneldor-swift-savior,62d2ee20-abbc-4a9d-8d30-4223242123e8
,112264,LTR,177,en,U,Meriadoc Brandybuck,{1}{G},2.0,Legendary Creature — Halfling Citizen,Marie Magny,0.19,0.22,0.15,,https://cards.scryfall.io/large/front/8/8/885a3277-ef10-4dcf-ac63-eb8971cd627c.jpg?1686969480,https://scryfall.com/card/ltr/177/meriadoc-brandybuck,885a3277-ef10-4dcf-ac63-eb8971cd627c
,112340,LTR,215,en,R,"Merry, Esquire of Rohan",{R}{W},2.0,Legendary Creature — Halfling Knight,Tomas Duchek,0.22,0.23,0.58,,https://cards.scryfall.io/large/front/b/7/b7c5fe73-1684-4edc-9f9b-976b2246d5ea.jpg?1686969894,https://scryfall.com/card/ltr/215/merry-esquire-of-rohan,b7c5fe73-1684-4edc-9f9b-976b2246d5ea
,112422,LTR,256,en,R,Minas Tirith,,0.0,Legendary Land,Arthur Yuan,3.08,3.02,3.94,,https://cards.scryfall.io/large/front/b/3/b38b6760-616f-4b11-8ce7-ac1223c7fd53.jpg?1686970358,https://scryfall.com/card/ltr/256/minas-tirith,b38b6760-616f-4b11-8ce7-ac1223c7fd53
,112424,LTR,257,en,R,Mines of Moria,,0.0,Legendary Land,Arthur Yuan,1.44,1.46,1.68,,https://cards.scryfall.io/large/front/0/b/0be723d6-4ada-4c3f-b87b-8ab83a4bbb8f.jpg?1686970369,https://scryfall.com/card/ltr/257/mines-of-moria,0be723d6-4ada-4c3f-b87b-8ab83a4bbb8f
,112100,LTR,95,en,C,Mirkwood Bats,{3}{B},4.0,Creature — Bat,John Tedrick,0.67,0.8,0.49,,https://cards.scryfall.io/large/front/1/5/15f035df-784a-4dc8-b7f5-77139a4e6e99.jpg?1686968575,https://scryfall.com/card/ltr/95/mirkwood-bats,15f035df-784a-4dc8-b7f5-77139a4e6e99
,112266,LTR,178,en,C,Mirkwood Spider,{G},1.0,Creature — Spider,Alexander Ostrowski,0.13,0.35,0.13,,https://cards.scryfall.io/large/front/a/d/ad961ba1-c74f-4a44-87fe-b30e2b63e378.jpg?1686969491,https://scryfall.com/card/ltr/178/mirkwood-spider,ad961ba1-c74f-4a44-87fe-b30e2b63e378
,112268,LTR,179,en,C,Mirrormere Guardian,{2}{G},3.0,Creature — Dwarf Soldier,Anton Solovianchyk,0.89,0.17,0.04,,https://cards.scryfall.io/large/front/8/3/8315d7cc-fc2c-45b1-8340-11ff2af3beb5.jpg?1686969503,https://scryfall.com/card/ltr/179/mirrormere-guardian,8315d7cc-fc2c-45b1-8340-11ff2af3beb5
,112398,LTR,244,en,U,Mirror of Galadriel,{2},2.0,Legendary Artifact,Kasia 'Kafis' Zielińska,0.15,0.23,0.08,,https://cards.scryfall.io/large/front/b/c/bc95036f-98f2-4ea7-93bb-542ad7064540.jpg?1686970213,https://scryfall.com/card/ltr/244/mirror-of-galadriel,bc95036f-98f2-4ea7-93bb-542ad7064540
,112400,LTR,245,en,R,Mithril Coat,{3},3.0,Legendary Artifact — Equipment,Igor Krstic,5.58,5.75,4.86,,https://cards.scryfall.io/large/front/0/f/0fd1fc09-a09d-45e6-8a07-3a8a83b4e6ec.jpg?1686970224,https://scryfall.com/card/ltr/245/mithril-coat,0fd1fc09-a09d-45e6-8a07-3a8a83b4e6ec
,112102,LTR,96,en,C,Mordor Muster,{1}{B},2.0,Sorcery,Pavel Kolomeyets,0.12,0.37,0.08,,https://cards.scryfall.io/large/front/a/a/aae2f15a-0629-453e-992c-a199af194a3c.jpg?1686968586,https://scryfall.com/card/ltr/96/mordor-muster,aae2f15a-0629-453e-992c-a199af194a3c
,112104,LTR,97,en,C,Mordor Trebuchet,{2}{B},3.0,Artifact Creature — Wall,Alexander Forssberg,0.12,0.29,0.12,,https://cards.scryfall.io/large/front/6/4/648bc8ae-1798-4c2f-a372-0487a90ba4d3.jpg?1686968597,https://scryfall.com/card/ltr/97/mordor-trebuchet,648bc8ae-1798-4c2f-a372-0487a90ba4d3
,112106,LTR,98,en,C,Morgul-Knife Wound,{1}{B},2.0,Enchantment — Aura,Axel Sauerwald,0.13,0.22,0.06,,https://cards.scryfall.io/large/front/5/a/5ae08177-48ee-4404-834d-d3cd7482ae81.jpg?1686968608,https://scryfall.com/card/ltr/98/morgul-knife-wound,5ae08177-48ee-4404-834d-d3cd7482ae81
,112186,LTR,138,en,R,Moria Marauder,{R}{R},2.0,Creature — Goblin Warrior,Andrea Piparo,1.33,1.86,2.66,,https://cards.scryfall.io/large/front/f/3/f33d5394-2248-4654-bec5-33b144752586.jpg?1686969061,https://scryfall.com/card/ltr/138/moria-marauder,f33d5394-2248-4654-bec5-33b144752586
,112446,LTR,268,en,C,Mountain,,0.0,Basic Land — Mountain,Samuele Bandini,0.22,0.43,,,https://cards.scryfall.io/large/front/e/3/e3731001-4e6a-4a91-9e7d-fc2ea039a60b.jpg?1686970505,https://scryfall.com/card/ltr/268/mountain,e3731001-4e6a-4a91-9e7d-fc2ea039a60b
,112426,LTR,258,en,M,Mount Doom,,0.0,Legendary Land,Jonas De Ro,5.23,6.28,6.24,,https://cards.scryfall.io/large/front/b/5/b5bc71a1-2344-4bc6-aa60-658cec19d0d6.jpg?1686970382,https://scryfall.com/card/ltr/258/mount-doom,b5bc71a1-2344-4bc6-aa60-658cec19d0d6
,112270,LTR,180,en,C,Mushroom Watchdogs,{1}{G},2.0,Creature — Dog,Alexander Ostrowski,0.15,0.21,0.05,,https://cards.scryfall.io/large/front/d/1/d15fd66d-fa7e-411d-9014-a56caa879d93.jpg?1686969514,https://scryfall.com/card/ltr/180/mushroom-watchdogs,d15fd66d-fa7e-411d-9014-a56caa879d93
,112108,LTR,99,en,C,Nasty End,{1}{B},2.0,Instant,Valera Lutfullina,0.16,0.27,0.13,,https://cards.scryfall.io/large/front/c/3/c34f88d7-15a1-434f-88d7-3d4fcf406d54.jpg?1686968630,https://scryfall.com/card/ltr/99/nasty-end,c34f88d7-15a1-434f-88d7-3d4fcf406d54
,112110,LTR,100,en,U,Nazgûl,{2}{B},3.0,Creature — Wraith Knight,Igor Krstic,11.57,7.63,2.99,,https://cards.scryfall.io/large/front/8/3/833936c6-9381-4c0b-a81c-4a938be95040.jpg?1686968640,https://scryfall.com/card/ltr/100/nazg%C3%BBl,833936c6-9381-4c0b-a81c-4a938be95040
,111956,LTR,23,en,C,Nimble Hobbit,{1}{W},2.0,Creature — Halfling Peasant,JB Casacop,0.19,0.89,0.08,,https://cards.scryfall.io/large/front/c/4/c4cd0756-7bf3-4cb6-9687-1f9346b0bb92.jpg?1686967856,https://scryfall.com/card/ltr/23/nimble-hobbit,c4cd0756-7bf3-4cb6-9687-1f9346b0bb92
,112036,LTR,63,en,C,Nimrodel Watcher,{1}{U},2.0,Creature — Elf Scout,Justyna Dura,0.22,0.38,0.06,,https://cards.scryfall.io/large/front/c/2/c253ee40-41c9-4cb5-a1a3-94b0aaed09d4.jpg?1686968223,https://scryfall.com/card/ltr/63/nimrodel-watcher,c253ee40-41c9-4cb5-a1a3-94b0aaed09d4
,111958,LTR,24,en,C,"Now for Wrath, Now for Ruin!",{3}{W},4.0,Sorcery,Valera Lutfullina,0.16,0.42,0.07,,https://cards.scryfall.io/large/front/c/2/c2e2c80d-7581-46ba-8237-7886b91c19b3.jpg?1686967865,https://scryfall.com/card/ltr/24/now-for-wrath-now-for-ruin!,c2e2c80d-7581-46ba-8237-7886b91c19b3
,112112,LTR,101,en,U,Oath of the Grey Host,{3}{B},4.0,Enchantment — Saga,Miklós Ligeti,0.13,0.25,0.08,,https://cards.scryfall.io/large/front/6/a/6a780abd-f276-40d3-b2af-d2e47d858d3d.jpg?1686968650,https://scryfall.com/card/ltr/101/oath-of-the-grey-host,6a780abd-f276-40d3-b2af-d2e47d858d3d
,112344,LTR,217,en,U,Old Man Willow,{2}{B}{G},4.0,Legendary Creature — Treefolk,Miklós Ligeti,0.17,0.21,0.11,,https://cards.scryfall.io/large/front/0/3/0362b7c4-fff5-4bc2-b32d-913f85c23cc4.jpg?1686969917,https://scryfall.com/card/ltr/217/old-man-willow,0362b7c4-fff5-4bc2-b32d-913f85c23cc4
,112188,LTR,139,en,C,Oliphaunt,{5}{R},6.0,Creature — Elephant,John Di Giovanni,0.12,0.34,0.07,,https://cards.scryfall.io/large/front/6/9/6989018c-37b1-4282-a4af-9cc97f160b4d.jpg?1687210982,https://scryfall.com/card/ltr/139/oliphaunt,6989018c-37b1-4282-a4af-9cc97f160b4d
,112190,LTR,140,en,C,Olog-hai Crusher,{3}{R},4.0,Creature — Troll Soldier,Andrea Piparo,0.21,0.24,0.05,,https://cards.scryfall.io/large/front/c/3/c33bf593-62e0-491a-a31a-328bce6d8735.jpg?1686969084,https://scryfall.com/card/ltr/140/olog-hai-crusher,c33bf593-62e0-491a-a31a-328bce6d8735
,112114,LTR,102,en,R,One Ring to Rule Them All,{2}{B}{B},4.0,Enchantment — Saga,L J Koh,0.78,1.05,0.48,,https://cards.scryfall.io/large/front/b/b/bb2dc2e0-f393-4442-818b-d3b860bfffd0.jpg?1686968660,https://scryfall.com/card/ltr/102/one-ring-to-rule-them-all,bb2dc2e0-f393-4442-818b-d3b860bfffd0
,112116,LTR,103,en,R,Orcish Bowmasters,{1}{B},2.0,Creature — Orc Archer,Maxim Kostin,27.27,29.07,24.3,,https://cards.scryfall.io/large/front/7/c/7c024bae-5631-4e20-ac69-df392ac9e109.jpg?1686968669,https://scryfall.com/card/ltr/103/orcish-bowmasters,7c024bae-5631-4e20-ac69-df392ac9e109
,112118,LTR,104,en,C,Orcish Medicine,{1}{B},2.0,Instant,Irvin Rodriguez,0.15,0.23,0.08,,https://cards.scryfall.io/large/front/6/6/66fae9ab-2302-4dea-a4e8-701938a0ef09.jpg?1686968679,https://scryfall.com/card/ltr/104/orcish-medicine,66fae9ab-2302-4dea-a4e8-701938a0ef09
,112404,LTR,247,en,M,Palantír of Orthanc,{3},3.0,Legendary Artifact,Tatiana Veryayskaya,8.26,10.51,9.46,,https://cards.scryfall.io/large/front/6/e/6efb6a69-562c-4d95-858d-b067444cfd7e.jpg?1686970247,https://scryfall.com/card/ltr/247/palant%C3%ADr-of-orthanc,6efb6a69-562c-4d95-858d-b067444cfd7e
,112038,LTR,64,en,C,Pelargir Survivor,{1}{U},2.0,Creature — Human Peasant,Craig J Spearing,0.16,0.42,0.05,,https://cards.scryfall.io/large/front/a/a/aa59141a-4645-4316-b714-bbf2c139786e.jpg?1686968236,https://scryfall.com/card/ltr/64/pelargir-survivor,aa59141a-4645-4316-b714-bbf2c139786e
,112272,LTR,181,en,U,Peregrin Took,{2}{G},3.0,Legendary Creature — Halfling Citizen,Campbell White,0.26,0.25,0.18,,https://cards.scryfall.io/large/front/f/5/f5baee8d-88e7-4468-94a9-66ca8e2caf15.jpg?1686969525,https://scryfall.com/card/ltr/181/peregrin-took,f5baee8d-88e7-4468-94a9-66ca8e2caf15
,112406,LTR,248,en,R,Phial of Galadriel,{3},3.0,Legendary Artifact,Andrea Piparo,0.57,0.68,0.88,,https://cards.scryfall.io/large/front/a/c/ac6d60fe-681b-495e-813c-c8418f3f29e5.jpg?1686970260,https://scryfall.com/card/ltr/248/phial-of-galadriel,ac6d60fe-681b-495e-813c-c8418f3f29e5
,112346,LTR,218,en,R,"Pippin, Guard of the Citadel",{W}{U},2.0,Legendary Creature — Halfling Soldier,Bartłomiej Gaweł,0.35,0.41,0.5,,https://cards.scryfall.io/large/front/0/8/08b7a4d8-1183-430e-8ea4-016844f33200.jpg?1686969929,https://scryfall.com/card/ltr/218/pippin-guard-of-the-citadel,08b7a4d8-1183-430e-8ea4-016844f33200
,112274,LTR,182,en,C,Pippin's Bravery,{G},1.0,Instant,John Tedrick,0.13,0.2,0.06,,https://cards.scryfall.io/large/front/b/c/bc60dc65-6813-4d57-877b-df195ed00d00.jpg?1686969536,https://scryfall.com/card/ltr/182/pippins-bravery,bc60dc65-6813-4d57-877b-df195ed00d00
,112434,LTR,262,en,C,Plains,,0.0,Basic Land — Plains,Tomáš Honz,0.22,0.26,,,https://cards.scryfall.io/large/front/f/7/f724ae86-b968-4f49-8267-c2c34c22f1b6.jpg?1686970429,https://scryfall.com/card/ltr/262/plains,f724ae86-b968-4f49-8267-c2c34c22f1b6
,112040,LTR,65,en,R,Press the Enemy,{2}{U}{U},4.0,Instant,Valera Lutfullina,0.29,0.32,0.71,,https://cards.scryfall.io/large/front/d/f/dfa5380a-480c-4c61-ac52-5debc49c5df9.jpg?1686968246,https://scryfall.com/card/ltr/65/press-the-enemy,dfa5380a-480c-4c61-ac52-5debc49c5df9
,112348,LTR,219,en,U,Prince Imrahil the Fair,{W}{U},2.0,Legendary Creature — Human Noble,Justyna Dura,0.13,0.2,0.12,,https://cards.scryfall.io/large/front/7/d/7d486def-7c3f-41e9-bb28-4582450a7b9e.jpg?1686969940,https://scryfall.com/card/ltr/219/prince-imrahil-the-fair,7d486def-7c3f-41e9-bb28-4582450a7b9e
,111960,LTR,25,en,C,Protector of Gondor,{3}{W},4.0,Creature — Human Soldier,Ilker Yildiz,0.17,0.22,0.05,,https://cards.scryfall.io/large/front/8/5/85708748-40ca-4066-a287-7a6a189ff3df.jpg?1686967875,https://scryfall.com/card/ltr/25/protector-of-gondor,85708748-40ca-4066-a287-7a6a189ff3df
,112192,LTR,141,en,C,Quarrel's End,{2}{R},3.0,Sorcery,Javier Charro,0.19,0.88,0.07,,https://cards.scryfall.io/large/front/5/a/5a7e61a6-c602-4089-ae45-828d8e516a63.jpg?1686969095,https://scryfall.com/card/ltr/141/quarrels-end,5a7e61a6-c602-4089-ae45-828d8e516a63
,112276,LTR,183,en,U,"Quickbeam, Upstart Ent",{4}{G}{G},6.0,Legendary Creature — Treefolk,Tomas Duchek,0.15,0.26,0.06,,https://cards.scryfall.io/large/front/b/8/b889037f-b95f-4756-80aa-04097d2818c3.jpg?1686969546,https://scryfall.com/card/ltr/183/quickbeam-upstart-ent,b889037f-b95f-4756-80aa-04097d2818c3
,112278,LTR,184,en,M,Radagast the Brown,{2}{G}{G},4.0,Legendary Creature — Avatar Wizard,Alexander Mokhov,2.36,4.08,3.54,,https://cards.scryfall.io/large/front/b/3/b3988120-ebbe-4d24-9bb4-8c5331a14034.jpg?1686969557,https://scryfall.com/card/ltr/184/radagast-the-brown,b3988120-ebbe-4d24-9bb4-8c5331a14034
,112194,LTR,142,en,C,Rally at the Hornburg,{1}{R},2.0,Sorcery,Ekaterina Burmak,0.2,0.24,0.06,,https://cards.scryfall.io/large/front/e/e/ee7292f7-1c7e-449c-9c52-7584d6a14c2c.jpg?1686969106,https://scryfall.com/card/ltr/142/rally-at-the-hornburg,ee7292f7-1c7e-449c-9c52-7584d6a14c2c
,112196,LTR,143,en,U,Ranger's Firebrand,{R},1.0,Sorcery,Pavel Kolomeyets,0.16,0.28,0.22,,https://cards.scryfall.io/large/front/0/6/06541200-fa4c-4b98-bdc4-44708fd2ddf6.jpg?1686969118,https://scryfall.com/card/ltr/143/rangers-firebrand,06541200-fa4c-4b98-bdc4-44708fd2ddf6
,112042,LTR,66,en,R,Rangers of Ithilien,{2}{U}{U},4.0,Creature — Human Ranger,Torgeir Fjereide,0.18,0.34,0.19,,https://cards.scryfall.io/large/front/8/1/819b4208-7a29-41fa-947f-614bf669b300.jpg?1686968256,https://scryfall.com/card/ltr/66/rangers-of-ithilien,819b4208-7a29-41fa-947f-614bf669b300
,112198,LTR,144,en,C,Relentless Rohirrim,{3}{R},4.0,Creature — Human Knight,John Di Giovanni,0.14,0.68,0.06,,https://cards.scryfall.io/large/front/2/1/21b7606a-6a4c-4bf0-b311-1883383161d2.jpg?1686969129,https://scryfall.com/card/ltr/144/relentless-rohirrim,21b7606a-6a4c-4bf0-b311-1883383161d2
,111962,LTR,26,en,U,Reprieve,{1}{W},2.0,Instant,Justyna Dura,2.15,3.16,2.0,,https://cards.scryfall.io/large/front/1/b/1bd3fa8a-6c50-4f7f-9ae3-0810eec5e3db.jpg?1686967885,https://scryfall.com/card/ltr/26/reprieve,1bd3fa8a-6c50-4f7f-9ae3-0810eec5e3db
,112280,LTR,185,en,C,Revive the Shire,{1}{G},2.0,Sorcery,Craig Elliott,0.13,0.33,0.09,,https://cards.scryfall.io/large/front/4/6/46b7f493-1b57-4b07-8510-30703282f879.jpg?1686969568,https://scryfall.com/card/ltr/185/revive-the-shire,46b7f493-1b57-4b07-8510-30703282f879
,112350,LTR,220,en,U,Ringsight,{1}{U}{B},3.0,Sorcery,Campbell White,0.28,0.42,0.43,,https://cards.scryfall.io/large/front/3/7/3700a65c-6f54-4d56-9c6f-8364c45a058c.jpg?1686969951,https://scryfall.com/card/ltr/220/ringsight,3700a65c-6f54-4d56-9c6f-8364c45a058c
,111712,LTR,284,en,R,Ringwraiths,{4}{B}{B},6.0,Creature — Wraith Knight,Warren Mahy,0.53,,,,https://cards.scryfall.io/large/front/2/a/2a8495c3-96cf-40ab-b68a-1b5711b7659e.jpg?1686970701,https://scryfall.com/card/ltr/284/ringwraiths,2a8495c3-96cf-40ab-b68a-1b5711b7659e
,112352,LTR,221,en,U,Rise of the Witch-king,{2}{B}{G},4.0,Sorcery,Andrea Piparo,0.19,0.21,0.15,,https://cards.scryfall.io/large/front/3/f/3f440fa1-5387-41d6-a80f-5b19dbb21514.jpg?1686969962,https://scryfall.com/card/ltr/221/rise-of-the-witch-king,3f440fa1-5387-41d6-a80f-5b19dbb21514
,112200,LTR,145,en,U,Rising of the Day,{2}{R},3.0,Enchantment,Wei Guan,0.2,0.21,0.3,,https://cards.scryfall.io/large/front/d/4/d4fbcac6-8ac9-44a8-9d1a-03d0799ac253.jpg?1686969140,https://scryfall.com/card/ltr/145/rising-of-the-day,d4fbcac6-8ac9-44a8-9d1a-03d0799ac253
,112428,LTR,259,en,R,Rivendell,,0.0,Legendary Land,Jonas De Ro,0.64,1.1,2.23,,https://cards.scryfall.io/large/front/b/a/bacd500c-1389-4314-a53e-0ad510d6fb79.jpg?1686970394,https://scryfall.com/card/ltr/259/rivendell,bacd500c-1389-4314-a53e-0ad510d6fb79
,112202,LTR,146,en,C,Rohirrim Lancer,{R},1.0,Creature — Human Knight,Anastasia Balakchina,0.16,0.59,0.15,,https://cards.scryfall.io/large/front/2/f/2f506f9f-4c0d-44e8-9f81-8403d808d0e4.jpg?1686969151,https://scryfall.com/card/ltr/146/rohirrim-lancer,2f506f9f-4c0d-44e8-9f81-8403d808d0e4
,111964,LTR,27,en,U,Rosie Cotton of South Lane,{2}{W},3.0,Legendary Creature — Halfling Peasant,Claudiu-Antoniu Magherusan,0.28,0.34,0.29,,https://cards.scryfall.io/large/front/7/5/75338f49-1f02-4333-87e4-5779ef14e688.jpg?1686967894,https://scryfall.com/card/ltr/27/rosie-cotton-of-south-lane,75338f49-1f02-4333-87e4-5779ef14e688
,112204,LTR,147,en,C,Rush the Room,{R},1.0,Instant,Warren Mahy,0.16,0.47,0.06,,https://cards.scryfall.io/large/front/f/5/f525b727-acde-427b-9c33-20964e8cf613.jpg?1686969162,https://scryfall.com/card/ltr/147/rush-the-room,f525b727-acde-427b-9c33-20964e8cf613
,112120,LTR,105,en,C,Sam's Desperate Rescue,{B},1.0,Sorcery,Lixin Yin,0.16,0.15,0.09,,https://cards.scryfall.io/large/front/b/d/bdd4d735-8cda-47c1-865b-48b51ac8f666.jpg?1686968689,https://scryfall.com/card/ltr/105/sams-desperate-rescue,bdd4d735-8cda-47c1-865b-48b51ac8f666
,112354,LTR,222,en,R,Samwise Gamgee,{G}{W},2.0,Legendary Creature — Halfling Peasant,Ekaterina Burmak,3.05,2.83,5.78,,https://cards.scryfall.io/large/front/a/1/a1b6f13e-63d0-46bf-aa57-23c2dbdf62dd.jpg?1686969973,https://scryfall.com/card/ltr/222/samwise-gamgee,a1b6f13e-63d0-46bf-aa57-23c2dbdf62dd
,111966,LTR,28,en,U,Samwise the Stouthearted,{1}{W},2.0,Legendary Creature — Halfling Peasant,Irvin Rodriguez,0.17,0.21,0.31,,https://cards.scryfall.io/large/front/2/1/214c270e-29ca-4d69-bea6-9252ae7707ad.jpg?1686967902,https://scryfall.com/card/ltr/28/samwise-the-stouthearted,214c270e-29ca-4d69-bea6-9252ae7707ad
,111708,LTR,282,en,R,"Saradoc, Master of Buckland",{3}{W},4.0,Legendary Creature — Halfling Citizen,Sean Vo,0.4,,,,https://cards.scryfall.io/large/front/a/6/a65a1fb5-cc2c-4556-b109-05c3d966ded9.jpg?1686970677,https://scryfall.com/card/ltr/282/saradoc-master-of-buckland,a65a1fb5-cc2c-4556-b109-05c3d966ded9
,112356,LTR,223,en,M,Saruman of Many Colors,{3}{W}{U}{B},6.0,Legendary Creature — Avatar Wizard,Alexander Mokhov,6.26,10.62,3.22,,https://cards.scryfall.io/large/front/8/c/8cfcc7ec-87a2-4712-8d82-217bd8600891.jpg?1686969983,https://scryfall.com/card/ltr/223/saruman-of-many-colors,8cfcc7ec-87a2-4712-8d82-217bd8600891
,112046,LTR,68,en,U,Saruman's Trickery,{1}{U}{U},3.0,Instant,Yongjae Choi,0.17,0.2,0.1,,https://cards.scryfall.io/large/front/8/e/8eb6c23b-e52e-4533-9625-884eb0a4d866.jpg?1686968278,https://scryfall.com/card/ltr/68/sarumans-trickery,8eb6c23b-e52e-4533-9625-884eb0a4d866
,112044,LTR,67,en,U,Saruman the White,{4}{U},5.0,Legendary Creature — Avatar Wizard,Matt Stewart,0.16,0.23,0.11,,https://cards.scryfall.io/large/front/1/b/1bfccbab-29fa-4e92-8919-6cd4815fb655.jpg?1686968266,https://scryfall.com/card/ltr/67/saruman-the-white,1bfccbab-29fa-4e92-8919-6cd4815fb655
,112360,LTR,225,en,R,Sauron's Ransom,{1}{U}{B},3.0,Instant,Alex Brock,1.27,1.49,0.81,,https://cards.scryfall.io/large/front/6/b/6b98850c-ad69-42da-b91a-8dc5e226c444.jpg?1686970005,https://scryfall.com/card/ltr/225/saurons-ransom,6b98850c-ad69-42da-b91a-8dc5e226c444
,112358,LTR,224,en,M,"Sauron, the Dark Lord",{3}{U}{B}{R},6.0,Legendary Creature — Avatar Horror,Kieran Yanner,12.99,13.33,9.52,,https://cards.scryfall.io/large/front/0/3/034e0929-b2c7-4b5f-94f2-8eaf4fb1a2a1.jpg?1686969994,https://scryfall.com/card/ltr/224/sauron-the-dark-lord,034e0929-b2c7-4b5f-94f2-8eaf4fb1a2a1
,111512,LTR,288,en,M,"Sauron, the Lidless Eye",{3}{B}{R},5.0,Legendary Creature — Avatar Horror,Yigit Koroglu,3.94,7.85,,,https://cards.scryfall.io/large/front/d/8/d82a4c78-d2fc-425a-8d0e-2e64509a08f1.jpg?1686970736,https://scryfall.com/card/ltr/288/sauron-the-lidless-eye,d82a4c78-d2fc-425a-8d0e-2e64509a08f1
,112122,LTR,106,en,R,"Sauron, the Necromancer",{3}{B}{B},5.0,Legendary Creature — Avatar Horror,Yongjae Choi,0.26,0.31,0.27,,https://cards.scryfall.io/large/front/3/7/377d65d8-21c8-4292-97db-610e0173ba59.jpg?1686968699,https://scryfall.com/card/ltr/106/sauron-the-necromancer,377d65d8-21c8-4292-97db-610e0173ba59
,112048,LTR,69,en,R,Scroll of Isildur,{2}{U},3.0,Enchantment — Saga,Audrey Benjaminsen,0.28,0.6,0.27,,https://cards.scryfall.io/large/front/1/9/195821f4-ba3d-4412-930f-f3656b319dfd.jpg?1686968290,https://scryfall.com/card/ltr/69/scroll-of-isildur,195821f4-ba3d-4412-930f-f3656b319dfd
,111968,LTR,29,en,C,Second Breakfast,{2}{W},3.0,Instant,Christina Kraus,0.12,0.2,0.06,,https://cards.scryfall.io/large/front/0/0/002f647a-25f8-461b-8617-52674f5d577c.jpg?1686967911,https://scryfall.com/card/ltr/29/second-breakfast,002f647a-25f8-461b-8617-52674f5d577c
,112364,LTR,227,en,U,"Shadowfax, Lord of Horses",{3}{R}{W},5.0,Legendary Creature — Horse,Valera Lutfullina,0.18,0.23,0.12,,https://cards.scryfall.io/large/front/4/c/4c7d861d-7832-4c15-8d6c-8c07a9a57891.jpg?1686970028,https://scryfall.com/card/ltr/227/shadowfax-lord-of-horses,4c7d861d-7832-4c15-8d6c-8c07a9a57891
,112124,LTR,107,en,M,Shadow of the Enemy,{3}{B}{B}{B},6.0,Sorcery,Shahab Alizadeh,1.64,1.65,2.29,,https://cards.scryfall.io/large/front/e/4/e47cab70-55cb-481c-b4cd-32a41251f210.jpg?1686968709,https://scryfall.com/card/ltr/107/shadow-of-the-enemy,e47cab70-55cb-481c-b4cd-32a41251f210
,112362,LTR,226,en,U,Shadow Summoning,{W}{B},2.0,Sorcery,Campbell White,0.16,0.32,0.1,,https://cards.scryfall.io/large/front/e/c/ec0984b2-bed6-41b1-9087-2cfd16749037.jpg?1686970017,https://scryfall.com/card/ltr/226/shadow-summoning,ec0984b2-bed6-41b1-9087-2cfd16749037
,112366,LTR,228,en,R,"Shagrat, Loot Bearer",{2}{B}{R},4.0,Legendary Creature — Orc Soldier,Tatiana Veryayskaya,0.18,1.13,0.2,,https://cards.scryfall.io/large/front/0/7/0731f64a-15da-4814-82e9-3a42e1657f36.jpg?1686970039,https://scryfall.com/card/ltr/228/shagrat-loot-bearer,0731f64a-15da-4814-82e9-3a42e1657f36
,112368,LTR,229,en,R,"Sharkey, Tyrant of the Shire",{2}{U}{B},4.0,Legendary Creature — Avatar Rogue,Matt Stewart,0.28,0.44,0.18,,https://cards.scryfall.io/large/front/e/0/e0e446bd-8295-4fca-957a-e4710a15d8e8.jpg?1686970050,https://scryfall.com/card/ltr/229/sharkey-tyrant-of-the-shire,e0e446bd-8295-4fca-957a-e4710a15d8e8
,112370,LTR,230,en,R,"Shelob, Child of Ungoliant",{4}{B}{G},6.0,Legendary Creature — Spider Demon,Lorenzo Mastroianni,2.3,2.05,0.89,,https://cards.scryfall.io/large/front/a/1/a14c4b29-3363-45ce-9190-0f79e1a0ef7f.jpg?1686970060,https://scryfall.com/card/ltr/230/shelob-child-of-ungoliant,a14c4b29-3363-45ce-9190-0f79e1a0ef7f
,112126,LTR,108,en,C,Shelob's Ambush,{B},1.0,Instant,Simon Dominic,0.13,0.31,0.08,,https://cards.scryfall.io/large/front/2/5/25e69fa8-7339-4bfa-8e35-9cbfe0001d8b.jpg?1686968721,https://scryfall.com/card/ltr/108/shelobs-ambush,25e69fa8-7339-4bfa-8e35-9cbfe0001d8b
,112408,LTR,249,en,C,Shire Scarecrow,{2},2.0,Artifact Creature — Scarecrow,Alexander Mokhov,0.2,,0.06,,https://cards.scryfall.io/large/front/b/6/b60b4f2e-ff47-4762-a803-30e81b665c09.jpg?1686970272,https://scryfall.com/card/ltr/249/shire-scarecrow,b60b4f2e-ff47-4762-a803-30e81b665c09
,111970,LTR,30,en,U,Shire Shirriff,{1}{W},2.0,Creature — Halfling Soldier,Craig J Spearing,0.16,0.27,0.08,,https://cards.scryfall.io/large/front/4/4/444b687f-2571-4c55-a497-d24b9e18bc0f.jpg?1686967920,https://scryfall.com/card/ltr/30/shire-shirriff,444b687f-2571-4c55-a497-d24b9e18bc0f
,112432,LTR,261,en,C,Shire Terrace,,0.0,Land,Jeremy Paillotin,0.2,0.25,0.14,,https://cards.scryfall.io/large/front/2/5/25932483-58cd-4ae5-82bf-ab455177d117.jpg?1686970417,https://scryfall.com/card/ltr/261/shire-terrace,25932483-58cd-4ae5-82bf-ab455177d117
,112284,LTR,187,en,U,Shortcut to Mushrooms,{1}{G},2.0,Enchantment,Jonas De Ro,0.16,0.18,0.1,,https://cards.scryfall.io/large/front/1/3/13bc14f9-c90c-499d-9024-3182d78e0a88.jpg?1686969589,https://scryfall.com/card/ltr/187/shortcut-to-mushrooms,13bc14f9-c90c-499d-9024-3182d78e0a88
,112286,LTR,188,en,C,Shower of Arrows,{2}{G},3.0,Instant,Manuel Castañón,0.14,0.43,0.09,,https://cards.scryfall.io/large/front/9/2/92cd3884-18d1-4200-b28e-a52349ef37aa.jpg?1686969600,https://scryfall.com/card/ltr/188/shower-of-arrows,92cd3884-18d1-4200-b28e-a52349ef37aa
,111972,LTR,31,en,C,Slip On the Ring,{1}{W},2.0,Instant,Iga Oliwiak,0.12,0.23,0.11,,https://cards.scryfall.io/large/front/2/e/2e20c2b8-ffe3-4d14-8588-f89719358e3d.jpg?1686967929,https://scryfall.com/card/ltr/31/slip-on-the-ring,2e20c2b8-ffe3-4d14-8588-f89719358e3d
,112372,LTR,231,en,R,"Sméagol, Helpful Guide",{1}{B}{G},3.0,Legendary Creature — Halfling Horror,Campbell White,0.68,4.31,1.21,,https://cards.scryfall.io/large/front/1/3/13253f8d-1897-41e8-a904-9e57ac7eff0a.jpg?1686970071,https://scryfall.com/card/ltr/231/sm%C3%A9agol-helpful-guide,13253f8d-1897-41e8-a904-9e57ac7eff0a
,112206,LTR,148,en,C,Smite the Deathless,{1}{R},2.0,Instant,Alexander Mokhov,0.14,0.5,0.08,,https://cards.scryfall.io/large/front/8/b/8b716fcc-c4cc-4987-be82-2897a9888d23.jpg?1686969173,https://scryfall.com/card/ltr/148/smite-the-deathless,8b716fcc-c4cc-4987-be82-2897a9888d23
,112128,LTR,109,en,C,Snarling Warg,{3}{B},4.0,Creature — Wolf,Tomas Duchek,0.19,0.36,0.04,,https://cards.scryfall.io/large/front/a/1/a1ad561c-ccb4-480a-88a4-0555d0ef245e.jpg?1686968733,https://scryfall.com/card/ltr/109/snarling-warg,a1ad561c-ccb4-480a-88a4-0555d0ef245e
,111974,LTR,32,en,C,Soldier of the Grey Host,{3}{W},4.0,Creature — Spirit Soldier,Chris Cold,0.13,0.83,0.05,,https://cards.scryfall.io/large/front/b/7/b79999df-af8c-4724-9631-20eee5a00e49.jpg?1686967938,https://scryfall.com/card/ltr/32/soldier-of-the-grey-host,b79999df-af8c-4724-9631-20eee5a00e49
,112050,LTR,70,en,C,Soothing of Sméagol,{1}{U},2.0,Instant,Lixin Yin,0.23,0.18,0.08,,https://cards.scryfall.io/large/front/b/e/be6400e8-7f99-4005-9a92-ffbc359d3871.jpg?1686968300,https://scryfall.com/card/ltr/70/soothing-of-sm%C3%A9agol,be6400e8-7f99-4005-9a92-ffbc359d3871
,112208,LTR,149,en,M,Spiteful Banditry,{X}{R}{R},2.0,Enchantment,Manuel Castañón,14.06,13.79,17.86,,https://cards.scryfall.io/large/front/e/8/e85a82bc-49f3-4694-b688-808a541146db.jpg?1686969184,https://scryfall.com/card/ltr/149/spiteful-banditry,e85a82bc-49f3-4694-b688-808a541146db
,111976,LTR,33,en,C,Stalwarts of Osgiliath,{4}{W},5.0,Creature — Human Soldier,Lixin Yin,0.19,0.42,0.04,,https://cards.scryfall.io/large/front/2/a/2acb8240-8e0e-4adf-a884-4986c116e704.jpg?1686967946,https://scryfall.com/card/ltr/33/stalwarts-of-osgiliath,2acb8240-8e0e-4adf-a884-4986c116e704
,112052,LTR,71,en,U,Stern Scolding,{U},1.0,Instant,Valera Lutfullina,1.07,1.91,1.59,,https://cards.scryfall.io/large/front/3/c/3ca1e1de-b916-445f-b3b2-0f4d0cc7ceeb.jpg?1686968311,https://scryfall.com/card/ltr/71/stern-scolding,3ca1e1de-b916-445f-b3b2-0f4d0cc7ceeb
,112288,LTR,189,en,U,Stew the Coneys,{2}{G},3.0,Instant,Eelis Kyttanen,0.16,0.21,0.08,,https://cards.scryfall.io/large/front/b/c/bcc7c41c-f416-457e-91ba-1f338f45eeac.jpg?1686969611,https://scryfall.com/card/ltr/189/stew-the-coneys,bcc7c41c-f416-457e-91ba-1f338f45eeac
,112410,LTR,250,en,R,"Sting, the Glinting Dagger",{2},2.0,Legendary Artifact — Equipment,Nino Is,1.55,1.94,1.01,,https://cards.scryfall.io/large/front/a/f/afbec7e7-f5b9-407e-bf96-2e088710e791.jpg?1686970284,https://scryfall.com/card/ltr/250/sting-the-glinting-dagger,afbec7e7-f5b9-407e-bf96-2e088710e791
,112412,LTR,251,en,U,Stone of Erech,{1},1.0,Legendary Artifact,Jonas De Ro,0.27,0.56,0.7,,https://cards.scryfall.io/large/front/b/c/bc02e193-df33-4eb1-adc1-b51ee931218a.jpg?1686970297,https://scryfall.com/card/ltr/251/stone-of-erech,bc02e193-df33-4eb1-adc1-b51ee931218a
,112054,LTR,72,en,M,Storm of Saruman,{4}{U}{U},6.0,Enchantment,Lorenzo Lanfranconi,3.28,2.88,3.65,,https://cards.scryfall.io/large/front/5/2/52884e67-c742-4799-9afd-55bc70b2cf40.jpg?1686968322,https://scryfall.com/card/ltr/72/storm-of-saruman,52884e67-c742-4799-9afd-55bc70b2cf40
,112374,LTR,232,en,U,"Strider, Ranger of the North",{2}{R}{G},4.0,Legendary Creature — Human Ranger,Jarel Threat,0.14,0.2,0.07,,https://cards.scryfall.io/large/front/5/4/54461d61-a745-467f-9fbe-b5e7a8edbdbf.jpg?1686970082,https://scryfall.com/card/ltr/232/strider-ranger-of-the-north,54461d61-a745-467f-9fbe-b5e7a8edbdbf
,112056,LTR,73,en,C,Surrounded by Orcs,{3}{U},4.0,Sorcery,Anna Pavleeva,0.12,0.26,0.06,,https://cards.scryfall.io/large/front/1/c/1c50d4c8-2311-4394-b73f-389eb81e898b.jpg?1686968332,https://scryfall.com/card/ltr/73/surrounded-by-orcs,1c50d4c8-2311-4394-b73f-389eb81e898b
,112442,LTR,266,en,C,Swamp,,0.0,Basic Land — Swamp,Shahab Alizadeh,0.21,0.35,,,https://cards.scryfall.io/large/front/2/a/2a0fba6e-54d2-498c-83bc-41024307e608.jpg?1686970481,https://scryfall.com/card/ltr/266/swamp,2a0fba6e-54d2-498c-83bc-41024307e608
,112210,LTR,150,en,C,Swarming of Moria,{2}{R},3.0,Sorcery,Pavel Kolomeyets,0.13,0.21,0.08,,https://cards.scryfall.io/large/front/0/a/0a1bd073-4351-4c56-9b07-4430d0d83084.jpg?1686969195,https://scryfall.com/card/ltr/150/swarming-of-moria,0a1bd073-4351-4c56-9b07-4430d0d83084
,111978,LTR,34,en,U,Tale of Tinúviel,{3}{W}{W},5.0,Enchantment — Saga,Anthony Devine,0.14,0.2,0.11,,https://cards.scryfall.io/large/front/9/a/9ae65f96-7bfd-4390-88bf-764c26bf4668.jpg?1686967955,https://scryfall.com/card/ltr/34/tale-of-tin%C3%BAviel,9ae65f96-7bfd-4390-88bf-764c26bf4668
,112300,LTR,195,en,R,"The Balrog, Durin's Bane",{5}{B}{R},7.0,Legendary Creature — Avatar Demon,Kekai Kotaki,0.44,0.92,1.9,,https://cards.scryfall.io/large/front/4/1/416880c3-cefb-45ea-bcc3-2ec7a70c8097.jpg?1686969678,https://scryfall.com/card/ltr/195/the-balrog-durins-bane,416880c3-cefb-45ea-bcc3-2ec7a70c8097
,111506,LTR,297,en,R,"The Balrog, Flame of Udûn",{3}{B}{R},5.0,Legendary Creature — Avatar Demon,John Tedrick,1.3,2.0,,,https://cards.scryfall.io/large/front/9/0/905e7424-2d0b-4877-a7dc-272ea9392ff0.jpg?1686970851,https://scryfall.com/card/ltr/297/the-balrog-flame-of-ud%C3%BBn,905e7424-2d0b-4877-a7dc-272ea9392ff0
,111990,LTR,40,en,U,The Bath Song,{3}{U},4.0,Enchantment — Saga,JB Casacop,0.19,0.25,0.08,,https://cards.scryfall.io/large/front/f/b/fb11c04f-6f17-4da4-bbf6-0bd09de6e544.jpg?1686968004,https://scryfall.com/card/ltr/40/the-bath-song,fb11c04f-6f17-4da4-bbf6-0bd09de6e544
,111914,LTR,2,en,R,The Battle of Bywater,{1}{W}{W},3.0,Sorcery,Tomas Duchek,0.72,0.68,0.81,,https://cards.scryfall.io/large/front/9/b/9bae7a4d-9117-43c5-a048-80a0ddadc034.jpg?1686967651,https://scryfall.com/card/ltr/2/the-battle-of-bywater,9bae7a4d-9117-43c5-a048-80a0ddadc034
,112066,LTR,78,en,C,The Black Breath,{2}{B},3.0,Sorcery,Chris Cold,0.14,0.47,0.06,,https://cards.scryfall.io/large/front/1/e/1e63983d-c36b-4440-b9e1-baaa6c7c0ba9.jpg?1686968386,https://scryfall.com/card/ltr/78/the-black-breath,1e63983d-c36b-4440-b9e1-baaa6c7c0ba9
,112420,LTR,255,en,U,The Grey Havens,,0.0,Legendary Land,Alayna Danner,0.24,0.26,0.69,,https://cards.scryfall.io/large/front/d/d/dd698f10-b0fc-42fc-84ec-f5a0d96bfa1d.jpg?1686970347,https://scryfall.com/card/ltr/255/the-grey-havens,dd698f10-b0fc-42fc-84ec-f5a0d96bfa1d
,112342,LTR,216,en,U,The Mouth of Sauron,{3}{U}{B},5.0,Legendary Creature — Human Advisor,Alex Brock,0.13,0.21,0.1,,https://cards.scryfall.io/large/front/7/6/76a88814-aa30-4297-b338-3d851bfe7256.jpg?1686969905,https://scryfall.com/card/ltr/216/the-mouth-of-sauron,76a88814-aa30-4297-b338-3d851bfe7256
,112376,LTR,233,en,U,"Théoden, King of Rohan",{1}{R}{W},3.0,Legendary Creature — Human Noble,Kieran Yanner,0.16,0.21,0.1,,https://cards.scryfall.io/large/front/f/6/f6dcd1ca-4943-46e4-bb5d-c14949e21e23.jpg?1686970093,https://scryfall.com/card/ltr/233/th%C3%A9oden-king-of-rohan,f6dcd1ca-4943-46e4-bb5d-c14949e21e23
,112402,LTR,246,en,M,The One Ring,{4},4.0,Legendary Artifact,Veli Nyström,27.76,27.93,22.48,,https://cards.scryfall.io/large/front/d/5/d5806e68-1054-458e-866d-1f2470f682b2.jpg?1686970235,https://scryfall.com/card/ltr/246/the-one-ring,d5806e68-1054-458e-866d-1f2470f682b2
,112212,LTR,151,en,R,There and Back Again,{3}{R}{R},5.0,Enchantment — Saga,Jarel Threat,3.38,4.07,2.23,,https://cards.scryfall.io/large/front/9/3/939b0bd0-24ea-45de-a2d3-37bbf6a3e6f9.jpg?1686969206,https://scryfall.com/card/ltr/151/there-and-back-again,939b0bd0-24ea-45de-a2d3-37bbf6a3e6f9
,112282,LTR,186,en,R,The Ring Goes South,{3}{G},4.0,Sorcery,Wangjie Li,0.28,0.51,0.18,,https://cards.scryfall.io/large/front/3/c/3c8a4c7d-527c-49ea-a115-a9e747c0fd03.jpg?1686969579,https://scryfall.com/card/ltr/186/the-ring-goes-south,3c8a4c7d-527c-49ea-a115-a9e747c0fd03
,112430,LTR,260,en,R,The Shire,,0.0,Legendary Land,Jonas De Ro,0.79,0.67,1.3,,https://cards.scryfall.io/large/front/d/5/d5178a1b-588b-4414-a370-ac6eed51187a.jpg?1686970405,https://scryfall.com/card/ltr/260/the-shire,d5178a1b-588b-4414-a370-ac6eed51187a
,112130,LTR,110,en,C,The Torment of Gollum,{3}{B},4.0,Sorcery,Nino Is,0.12,0.26,0.06,,https://cards.scryfall.io/large/front/b/a/ba2c8c25-1fa9-4cc4-a378-5eccc25bacf0.jpg?1686968743,https://scryfall.com/card/ltr/110/the-torment-of-gollum,ba2c8c25-1fa9-4cc4-a378-5eccc25bacf0
,112060,LTR,75,en,M,The Watcher in the Water,{3}{U}{U},5.0,Legendary Creature — Kraken,Chris Cold,1.14,1.71,2.05,,https://cards.scryfall.io/large/front/1/c/1cb8e8bb-75a0-4b5e-b4b3-5d8f3795032d.jpg?1686968354,https://scryfall.com/card/ltr/75/the-watcher-in-the-water,1cb8e8bb-75a0-4b5e-b4b3-5d8f3795032d
,112378,LTR,234,en,M,Tom Bombadil,{W}{U}{B}{R}{G},5.0,Legendary Creature — God Bard,Dmitry Burmak,5.41,5.47,3.92,,https://cards.scryfall.io/large/front/2/a/2ab04c49-76a1-4896-8dca-8cb4c615f489.jpg?1686970104,https://scryfall.com/card/ltr/234/tom-bombadil,2ab04c49-76a1-4896-8dca-8cb4c615f489
,111980,LTR,35,en,C,Took Reaper,{1}{W},2.0,Creature — Halfling Peasant,Tatiana Veryayskaya,0.17,0.3,0.03,,https://cards.scryfall.io/large/front/1/d/1da7fc15-f894-496e-ba18-a02d42e9bedc.jpg?1686967962,https://scryfall.com/card/ltr/35/took-reaper,1da7fc15-f894-496e-ba18-a02d42e9bedc
,111802,LTR,398,en,R,Trailblazer's Boots,{2},2.0,Artifact — Equipment,Alexander Gering,,14.38,,,https://cards.scryfall.io/large/front/3/6/36ee958c-ae8c-49bd-9d85-0128ca19901c.jpg?1686972021,https://scryfall.com/card/ltr/398/trailblazers-boots,36ee958c-ae8c-49bd-9d85-0128ca19901c
,112058,LTR,74,en,C,Treason of Isengard,{2}{U},3.0,Sorcery,Pavel Kolomeyets,0.11,0.2,0.06,,https://cards.scryfall.io/large/front/7/1/71f97505-c961-4890-acd0-32a63919ac2a.jpg?1686968343,https://scryfall.com/card/ltr/74/treason-of-isengard,71f97505-c961-4890-acd0-32a63919ac2a
,112132,LTR,111,en,C,Troll of Khazad-dûm,{5}{B},6.0,Creature — Troll,Simon Dominic,0.1,0.6,0.07,,https://cards.scryfall.io/large/front/a/6/a6539e26-b63b-4725-9407-caaf451de084.jpg?1687210987,https://scryfall.com/card/ltr/111/troll-of-khazad-d%C3%BBm,a6539e26-b63b-4725-9407-caaf451de084
,112380,LTR,235,en,U,Uglúk of the White Hand,{2}{B}{R},4.0,Legendary Creature — Orc Soldier,Bartłomiej Gaweł,0.12,0.14,0.09,,https://cards.scryfall.io/large/front/e/9/e914c7fc-be3c-4346-bf37-6e10f4998204.jpg?1686970114,https://scryfall.com/card/ltr/235/ugl%C3%BAk-of-the-white-hand,e914c7fc-be3c-4346-bf37-6e10f4998204
,112134,LTR,112,en,C,Uruk-hai Berserker,{2}{B},3.0,Creature — Orc Berserker,Victor Harmatiuk,0.13,0.28,0.08,,https://cards.scryfall.io/large/front/9/3/936421a0-2c2a-4410-941d-4e6b88166bd1.jpg?1686968765,https://scryfall.com/card/ltr/112/uruk-hai-berserker,936421a0-2c2a-4410-941d-4e6b88166bd1
,112136,LTR,113,en,U,Voracious Fell Beast,{4}{B}{B},6.0,Creature — Drake Beast,John Tedrick,0.11,0.22,0.06,,https://cards.scryfall.io/large/front/d/9/d9b7d7f8-503d-4660-9a18-6a8e2fcaa25f.jpg?1686968776,https://scryfall.com/card/ltr/113/voracious-fell-beast,d9b7d7f8-503d-4660-9a18-6a8e2fcaa25f
,112214,LTR,152,en,C,Warbeast of Gorgoroth,{4}{R},5.0,Creature — Beast,Oleg Shekhovtsov,0.15,0.35,0.09,,https://cards.scryfall.io/large/front/5/e/5eeecb9e-fbde-429b-b3da-18a4dbadf6de.jpg?1686969217,https://scryfall.com/card/ltr/152/warbeast-of-gorgoroth,5eeecb9e-fbde-429b-b3da-18a4dbadf6de
,111982,LTR,36,en,R,War of the Last Alliance,{3}{W},4.0,Enchantment — Saga,Alexander Forssberg,0.46,0.45,0.31,,https://cards.scryfall.io/large/front/6/0/60ddf2cd-5b33-4c8a-a610-8e6a15404dde.jpg?1686967971,https://scryfall.com/card/ltr/36/war-of-the-last-alliance,60ddf2cd-5b33-4c8a-a610-8e6a15404dde
,111984,LTR,37,en,C,Westfold Rider,{1}{W},2.0,Creature — Human Knight,Anastasia Balakchina,0.13,0.23,0.06,,https://cards.scryfall.io/large/front/7/1/71ed2e4b-c732-472a-a589-f1f53086d9ee.jpg?1686967979,https://scryfall.com/card/ltr/37/westfold-rider,71ed2e4b-c732-472a-a589-f1f53086d9ee
,112062,LTR,76,en,C,Willow-Wind,{4}{U},5.0,Creature — Elemental,Ignis Bruno,0.12,0.54,0.05,,https://cards.scryfall.io/large/front/0/a/0adc3bff-0eb1-40e9-b954-5515babd07a3.jpg?1686968364,https://scryfall.com/card/ltr/76/willow-wind,0adc3bff-0eb1-40e9-b954-5515babd07a3
,111498,LTR,293,en,R,"Witch-king, Bringer of Ruin",{4}{B}{B},6.0,Legendary Creature — Wraith Noble,Denman Rooke,3.24,3.41,,,https://cards.scryfall.io/large/front/9/0/90da1d3e-dbcb-4b1e-a606-d4fc1a60a8fe.jpg?1686970796,https://scryfall.com/card/ltr/293/witch-king-bringer-of-ruin,90da1d3e-dbcb-4b1e-a606-d4fc1a60a8fe
,112138,LTR,114,en,M,Witch-king of Angmar,{3}{B}{B},5.0,Legendary Creature — Wraith Noble,Anato Finnstark,5.2,4.88,3.69,,https://cards.scryfall.io/large/front/a/5/a55e6508-0b59-4573-bc4e-67b27279cfed.jpg?1686968786,https://scryfall.com/card/ltr/114/witch-king-of-angmar,a55e6508-0b59-4573-bc4e-67b27279cfed
,112414,LTR,252,en,C,Wizard's Rockets,{1},1.0,Artifact,Yuriy Chemezov,0.16,0.3,0.14,,https://cards.scryfall.io/large/front/1/c/1c6ed742-dfb1-41e2-8f19-184555109e34.jpg?1686970310,https://scryfall.com/card/ltr/252/wizards-rockets,1c6ed742-dfb1-41e2-8f19-184555109e34
,112290,LTR,190,en,C,Wose Pathfinder,{1}{G},2.0,Creature — Human Shaman,Iga Oliwiak,0.12,0.27,0.05,,https://cards.scryfall.io/large/front/6/5/6589b339-9067-4e9b-bfdb-c49f8b3ef2d4.jpg?1686969622,https://scryfall.com/card/ltr/190/wose-pathfinder,6589b339-9067-4e9b-bfdb-c49f8b3ef2d4
,111986,LTR,38,en,U,You Cannot Pass!,{W},1.0,Instant,Leonardo Borazio,0.14,1.52,0.12,,https://cards.scryfall.io/large/front/1/1/116d4030-acd2-4aa2-8254-aaaff1264459.jpg?1686967987,https://scryfall.com/card/ltr/38/you-cannot-pass!,116d4030-acd2-4aa2-8254-aaaff1264459
